name,time,fileCode,fileName,description,keywords
2024-04-09_10-15-35,2024/04/09 13:15:41+00,"001",2024-04-09_10-15-35_2024-04-09_10-15-35.gpx,cf003,
2024-04-13_13-47-56,2024/04/13 16:47:59+00,"002",2024-04-13_13-47-56_2024-04-13_13-47-56.gpx,CR005,"[ ""auditoria cicloviaria"", ""osmtracker"" ]"
2024-04-13_16-02-50,2024/04/13 19:02:53+00,"003",2024-04-13_16-02-50_2024-04-13_16-02-50.gpx,CF005,"[ ""auditoria cicloviaria"", ""osmtracker"" ]"
2024-04-13_18-13-36,2024/04/13 21:13:38+00,"004",2024-04-13_18-13-36_2024-04-13_18-13-36.gpx,CF005,"[ ""auditoria cicloviaria"", ""osmtracker"" ]"
2024-04-13_18-34-41,2024/04/13 21:34:44+00,"005",2024-04-13_18-34-41_2024-04-13_18-34-41.gpx,CF005,"[ ""auditoria cicloviaria"", ""osmtracker"" ]"
2024-04-14_06-55-44,2024/04/14 09:55:48+00,"006",2024-04-14_06-55-44_2024-04-14_06-55-44.gpx,CR011,"[ ""auditoria cicloviaria"", ""osmtracker"" ]"
2024-04-14_07-57-33,2024/04/14 10:57:34+00,"007",2024-04-14_07-57-33_2024-04-14_07-57-33.gpx,CF011,"[ ""auditoria cicloviaria"", ""osmtracker"" ]"
2024-04-14_08-26-29,2024/04/14 11:26:33+00,"008",2024-04-14_08-26-29_2024-04-14_08-26-29.gpx,CF011,"[ ""auditoria cicloviaria"", ""osmtracker"" ]"
2024-04-14_14-36-37,2024/04/14 17:36:40+00,"009",2024-04-14_14-36-37_2024-04-14_14-36-37.gpx,CF011,"[ ""auditoria cicloviaria"", ""osmtracker"" ]"
2024-04-16_07-48-06,2024/04/16 10:48:08+00,"010",2024-04-16_07-48-06_2024-04-16_07-48-06.gpx,CR081,"[ ""auditoria cicloviaria"", ""osmtracker"" ]"
2024-04-16_08-51-15,2024/04/16 11:51:20+00,"011",2024-04-16_08-51-15_2024-04-16_08-51-15.gpx,,"[ ""auditoria cicloviaria"", ""osmtracker"" ]"
2024-04-16_09-55-43,2024/04/16 12:55:47+00,"012",2024-04-16_09-55-43_2024-04-16_09-55-43.gpx,CR017,"[ ""auditoria cicloviaria"", ""osmtracker"" ]"
2024-04-16_10-45-57,2024/04/16 13:45:59+00,"013",2024-04-16_10-45-57_2024-04-16_10-45-57.gpx,CR018,"[ ""auditoria cicloviaria"", ""osmtracker"" ]"
2024-04-16_14-50-14,2024/04/16 17:50:21+00,"014",2024-04-16_14-50-14_2024-04-16_14-50-14.gpx,CF018,"[ ""auditoria cicloviaria"", ""osmtracker"" ]"
2024-04-16_15-25-33,2024/04/16 18:25:35+00,"015",2024-04-16_15-25-33_2024-04-16_15-25-33.gpx,CF018,"[ ""auditoria cicloviaria"", ""osmtracker"" ]"
2024-04-16_15-53-42,2024/04/16 18:53:46+00,"016",2024-04-16_15-53-42_2024-04-16_15-53-42.gpx,CF018,"[ ""auditoria cicloviaria"", ""osmtracker"" ]"
2024-04-16_16-05-34,2024/04/16 19:05:36+00,"017",2024-04-16_16-05-34_2024-04-16_16-05-34.gpx,CF018,"[ ""auditoria cicloviaria"", ""osmtracker"" ]"
2024-04-17_17-28-02,2024/04/17 20:28:05+00,"018",2024-04-17_17-28-02_2024-04-17_17-28-02.gpx,,"[ ""auditoria cicloviaria"", ""osmtracker"" ]"
2024-04-17_19-07-00,2024/04/17 22:07:02+00,"019",2024-04-17_19-07-00_2024-04-17_19-07-00.gpx,,"[ ""auditoria cicloviaria"", ""osmtracker"" ]"
2024-04-18_08-02-35 Ciclofaixa Paris,2024/04/18 11:02:49+00,"020",2024-04-18_08-02-35_Ciclofaixa_Paris_2024-04-18_08-02-35.gpx,CF048,"[ ""auditoria cicloviaria"", ""osmtracker"" ]"
2024-04-18_08-42-37,2024/04/18 11:42:40+00,"021",2024-04-18_08-42-37_2024-04-18_08-42-37.gpx,CF065,"[ ""auditoria cicloviaria"", ""osmtracker"" ]"
2024-04-18_09-26-02 ciclofaixa pinheiros ATÉ chegar no canal,2024/04/18 12:26:05+00,"022",2024-04-18_09-26-02_ciclofaixa_pinheiros_ATÉ_chegar_no_canal_2024-04-18_09-26-02.gpx,CF040,"[ ""auditoria cicloviaria"", ""osmtracker"" ]"
2024-04-18_09-59-46,2024/04/18 12:59:49+00,"023",2024-04-18_09-59-46_2024-04-18_09-59-46.gpx,CF065,"[ ""auditoria cicloviaria"", ""osmtracker"" ]"
2024-04-18_09-59-59 ciclorrota rua eng. josé brandão cavalcante,2024/04/18 13:00:03+00,"024",2024-04-18_09-59-59_ciclorrota_rua_eng._josé_brandão_cavalcante_2024-04-18_09-59-59.gpx,CF040,"[ ""auditoria cicloviaria"", ""osmtracker"" ]"
2024-04-18_10-07-13 ciclofaixa eng. alves de souza,2024/04/18 13:07:15+00,"025",2024-04-18_10-07-13_ciclofaixa_eng._alves_de_souza_2024-04-18_10-07-13.gpx,CF040,"[ ""auditoria cicloviaria"", ""osmtracker"" ]"
2024-04-18_10-34-23 ciclofaixa lagoa do araçá,2024/04/18 13:34:27+00,"026",2024-04-18_10-34-23_ciclofaixa_lagoa_do_araçá_2024-04-18_10-34-23.gpx,CF040,"[ ""auditoria cicloviaria"", ""osmtracker"" ]"
2024-04-18_10-35-48,2024/04/18 13:35:51+00,"027",2024-04-18_10-35-48_2024-04-18_10-35-48.gpx,CF065,"[ ""auditoria cicloviaria"", ""osmtracker"" ]"
2024-04-18_11-16-50 ciclorrota av. sen. robert kennedy,2024/04/18 14:16:54+00,"028",2024-04-18_11-16-50_ciclorrota_av._sen._robert_kennedy_2024-04-18_11-16-50.gpx,CR037,"[ ""auditoria cicloviaria"", ""osmtracker"" ]"
2024-04-18_11-22-03,2024/04/18 14:22:07+00,"029",2024-04-18_11-22-03_2024-04-18_11-22-03.gpx,CF065,"[ ""auditoria cicloviaria"", ""osmtracker"" ]"
"2024-04-18_11-31-46 ciclofaixa ruas allan kardec, jor. cleófas de oliveira, jalisco, av. sul cid sampaio e rua guadalajara",2024/04/18 14:31:50+00,"030","2024-04-18_11-31-46_ciclofaixa_ruas_allan_kardec,_jor._cleófas_de_oliveira,_jalisco,_av._sul_cid_sampaio_e_rua_guadalajara_2024-04-18_11-31-46.gpx",CF037,"[ ""auditoria cicloviaria"", ""osmtracker"" ]"
2024-04-18_11-48-01,2024/04/18 14:48:06+00,"031",2024-04-18_11-48-01_2024-04-18_11-48-01.gpx,CR065,"[ ""auditoria cicloviaria"", ""osmtracker"" ]"
2024-04-18_12-12-42 passarela estação shopping,2024/04/18 15:12:47+00,"032",2024-04-18_12-12-42_passarela_estação_shopping_2024-04-18_12-12-42.gpx,AC037,"[ ""auditoria cicloviaria"", ""osmtracker"" ]"
"2024-04-18_12-17-16 ciclorrota av sul cid sampaio, rua sd sinésio de aragão",2024/04/18 15:17:20+00,"033","2024-04-18_12-17-16_ciclorrota_av_sul_cid_sampaio,_rua_sd_sinésio_de_aragão_2024-04-18_12-17-16.gpx",CR037,"[ ""auditoria cicloviaria"", ""osmtracker"" ]"
2024-04-18_12-18-07,2024/04/18 15:18:12+00,"034",2024-04-18_12-18-07_2024-04-18_12-18-07.gpx,CF073,"[ ""auditoria cicloviaria"", ""osmtracker"" ]"
2024-04-18_12-33-34 ciclofaixa av sul cid sampaio,2024/04/18 15:33:38+00,"035",2024-04-18_12-33-34_ciclofaixa_av_sul_cid_sampaio_2024-04-18_12-33-34.gpx,CF037,"[ ""auditoria cicloviaria"", ""osmtracker"" ]"
2024-04-18_12-35-31,2024/04/18 15:35:33+00,"036",2024-04-18_12-35-31_2024-04-18_12-35-31.gpx,CR073,"[ ""auditoria cicloviaria"", ""osmtracker"" ]"
2024-04-18_12-51-24 ciclofaixa antonio falcao,2024/04/18 15:51:28+00,"037",2024-04-18_12-51-24_ciclofaixa_antonio_falcao_2024-04-18_12-51-24.gpx,CF012,"[ ""auditoria cicloviaria"", ""osmtracker"" ]"
2024-04-18_13-01-23,2024/04/18 16:01:27+00,"038",2024-04-18_13-01-23_2024-04-18_13-01-23.gpx,CR073,"[ ""auditoria cicloviaria"", ""osmtracker"" ]"
2024-04-18_13-17-47,2024/04/18 16:17:52+00,"039",2024-04-18_13-17-47_2024-04-18_13-17-47.gpx,CF073,"[ ""auditoria cicloviaria"", ""osmtracker"" ]"
2024-04-18_13-49-54 ciclorrota antonio falcao,2024/04/18 16:49:58+00,"040",2024-04-18_13-49-54_ciclorrota_antonio_falcao_2024-04-18_13-49-54.gpx,CR012,"[ ""auditoria cicloviaria"", ""osmtracker"" ]"
2024-04-18_13-50-50,2024/04/18 16:50:54+00,"041",2024-04-18_13-50-50_2024-04-18_13-50-50.gpx,CF073,"[ ""auditoria cicloviaria"", ""osmtracker"" ]"
2024-04-18_14-05-44,2024/04/18 17:05:48+00,"042",2024-04-18_14-05-44_2024-04-18_14-05-44.gpx,CR073,"[ ""auditoria cicloviaria"", ""osmtracker"" ]"
2024-04-18_14-15-17 ciclofaixa paralela antonio falcao,2024/04/18 17:15:22+00,"043",2024-04-18_14-15-17_ciclofaixa_paralela_antonio_falcao_2024-04-18_14-15-17.gpx,CF052,"[ ""auditoria cicloviaria"", ""osmtracker"" ]"
2024-04-18_14-28-18,2024/04/18 17:28:21+00,"044",2024-04-18_14-28-18_2024-04-18_14-28-18.gpx,CF073,"[ ""auditoria cicloviaria"", ""osmtracker"" ]"
2024-04-18_14-35-50 ciclofaixa rua prof arnaldo carneiro leão,2024/04/18 17:35:54+00,"045",2024-04-18_14-35-50_ciclofaixa_rua_prof_arnaldo_carneiro_leão_2024-04-18_14-35-50.gpx,CF024,"[ ""auditoria cicloviaria"", ""osmtracker"" ]"
2024-04-18_14-36-34,2024/04/18 17:36:37+00,"046",2024-04-18_14-36-34_2024-04-18_14-36-34.gpx,CF073,"[ ""auditoria cicloviaria"", ""osmtracker"" ]"
2024-04-18_14-45-12 via mangue,2024/04/18 17:45:16+00,"047",2024-04-18_14-45-12_via_mangue_2024-04-18_14-45-12.gpx,CV013,"[ ""auditoria cicloviaria"", ""osmtracker"" ]"
2024-04-18_15-04-25 ciclofaixa beira rio (entre a via mangue e o riomar),2024/04/18 18:04:27+00,"048",2024-04-18_15-04-25_ciclofaixa_beira_rio_(entre_a_via_mangue_e_o_riomar)_2024-04-18_15-04-25.gpx,CF014,"[ ""auditoria cicloviaria"", ""osmtracker"" ]"
2024-04-18_15-20-35 ciclovia riomar,2024/04/18 18:20:38+00,"049",2024-04-18_15-20-35_ciclovia_riomar_2024-04-18_15-20-35.gpx,CV006,"[ ""auditoria cicloviaria"", ""osmtracker"" ]"
2024-04-18_17-53-33,2024/04/18 20:53:42+00,"050",2024-04-18_17-53-33_2024-04-18_17-53-33.gpx,CF061,"[ ""auditoria cicloviaria"", ""osmtracker"" ]"
2024-04-20_15-19-26,2024/04/20 18:19:31+00,"051",2024-04-20_15-19-26_2024-04-20_15-19-26.gpx,CF025,"[ ""auditoria cicloviaria"", ""osmtracker"" ]"
2024-04-20_16-08-37,2024/04/20 19:08:41+00,"052",2024-04-20_16-08-37_2024-04-20_16-08-37.gpx,CR044,"[ ""auditoria cicloviaria"", ""osmtracker"" ]"
2024-04-21_14-42-29,2024/04/21 17:42:35+00,"053",2024-04-21_14-42-29_2024-04-21_14-42-29.gpx,CR060,"[ ""auditoria cicloviaria"", ""osmtracker"" ]"
2024-04-21_14-58-15,2024/04/21 17:58:21+00,"054",2024-04-21_14-58-15_2024-04-21_14-58-15.gpx,CF060,"[ ""auditoria cicloviaria"", ""osmtracker"" ]"
2024-04-21_15-35-25,2024/04/21 18:35:31+00,"055",2024-04-21_15-35-25_2024-04-21_15-35-25.gpx,CF060,"[ ""auditoria cicloviaria"", ""osmtracker"" ]"
2024-04-21_16-11-50,2024/04/21 19:11:55+00,"056",2024-04-21_16-11-50_2024-04-21_16-11-50.gpx,CF060,"[ ""auditoria cicloviaria"", ""osmtracker"" ]"
2024-04-21_16-49-06,2024/04/21 19:49:09+00,"057",2024-04-21_16-49-06_2024-04-21_16-49-06.gpx,CF041,"[ ""auditoria cicloviaria"", ""osmtracker"" ]"
2024-04-21_17-13-33,2024/04/21 20:13:38+00,"058",2024-04-21_17-13-33_2024-04-21_17-13-33.gpx,CF041,"[ ""auditoria cicloviaria"", ""osmtracker"" ]"
2024-04-21_17-29-53,2024/04/21 20:29:58+00,"059",2024-04-21_17-29-53_2024-04-21_17-29-53.gpx,CF041,"[ ""auditoria cicloviaria"", ""osmtracker"" ]"
2024-04-21_17-59-31,2024/04/21 20:59:36+00,"060",2024-04-21_17-59-31_2024-04-21_17-59-31.gpx,CF041,"[ ""auditoria cicloviaria"", ""osmtracker"" ]"
2024-04-21_18-13-45,2024/04/21 21:13:48+00,"061",2024-04-21_18-13-45_2024-04-21_18-13-45.gpx,CF041,"[ ""auditoria cicloviaria"", ""osmtracker"" ]"
2024-04-21_18-48-52,2024/04/21 21:48:58+00,"062",2024-04-21_18-48-52_2024-04-21_18-48-52.gpx,CF025,"[ ""auditoria cicloviaria"", ""osmtracker"" ]"
2024-04-22_16-27-27,2024/04/22 19:27:33+00,"063",2024-04-22_16-27-27_2024-04-22_16-27-27.gpx,CF061,"[ ""auditoria cicloviaria"", ""osmtracker"" ]"
2024-04-22_16-40-25,2024/04/22 19:40:31+00,"064",2024-04-22_16-40-25_2024-04-22_16-40-25.gpx,CF061,"[ ""auditoria cicloviaria"", ""osmtracker"" ]"
2024-04-22_17-03-23,2024/04/22 20:03:27+00,"065",2024-04-22_17-03-23_2024-04-22_17-03-23.gpx,CF054,"[ ""auditoria cicloviaria"", ""osmtracker"" ]"
2024-04-24_08-38-22 Ciclorota Rota Setúbal 1 etapa,2024/04/24 11:38:26+00,"066",2024-04-24_08-38-22_Ciclorota_Rota_Setúbal_1_etapa_2024-04-24_08-38-22.gpx,CR019,"[ ""auditoria cicloviaria"", ""osmtracker"" ]"
2024-04-24_08-38-40 ciclorrota setubal 1 etapa,2024/04/24 11:38:45+00,"067",2024-04-24_08-38-40_ciclorrota_setubal_1_etapa_2024-04-24_08-38-40.gpx,CR019,"[ ""auditoria cicloviaria"", ""osmtracker"" ]"
2024-04-24_09-55-48 Ciclofaixa rota Setúbal 1 etapa,2024/04/24 12:55:49+00,"068",2024-04-24_09-55-48_Ciclofaixa_rota_Setúbal_1_etapa_2024-04-24_09-55-48.gpx,CF019,"[ ""auditoria cicloviaria"", ""osmtracker"" ]"
2024-04-24_09-55-53 ciclofaixa av mal juarez tavora,2024/04/24 12:55:56+00,"069",2024-04-24_09-55-53_ciclofaixa_av_mal_juarez_tavora_2024-04-24_09-55-53.gpx,CF019,"[ ""auditoria cicloviaria"", ""osmtracker"" ]"
"2024-04-24_10-22-04 ciclofaixa rua cosmorama, rua mal juarez tavora e rua armindo moura",2024/04/24 13:22:07+00,"070","2024-04-24_10-22-04_ciclofaixa_rua_cosmorama,_rua_mal_juarez_tavora_e_rua_armindo_moura_2024-04-24_10-22-04.gpx",CF019,"[ ""auditoria cicloviaria"", ""osmtracker"" ]"
2024-04-24_10-22-15 Ciclofaixa rota Setúbal 1 etapa ciclofaixa,2024/04/24 13:22:18+00,"071",2024-04-24_10-22-15_Ciclofaixa_rota_Setúbal_1_etapa_ciclofaixa_2024-04-24_10-22-15.gpx,CF019,"[ ""auditoria cicloviaria"", ""osmtracker"" ]"
2024-04-24_11-34-46 Ciclofaixa Visc. Jequitinhonha 2 etapa,2024/04/24 14:34:47+00,"072",2024-04-24_11-34-46_Ciclofaixa_Visc._Jequitinhonha_2_etapa_2024-04-24_11-34-46.gpx,CF029,"[ ""auditoria cicloviaria"", ""osmtracker"" ]"
2024-04-24_11-35-59 ciclofaixa av visc jequitinhonha 2 etapa,2024/04/24 14:36:03+00,"073",2024-04-24_11-35-59_ciclofaixa_av_visc_jequitinhonha_2_etapa_2024-04-24_11-35-59.gpx,CF029,"[ ""auditoria cicloviaria"", ""osmtracker"" ]"
2024-04-24_12-02-24 Ciclofaixa Rota Setúbal 2 etapa Rua João Cardoso Aires,2024/04/24 15:02:27+00,"074",2024-04-24_12-02-24_Ciclofaixa_Rota_Setúbal_2_etapa_Rua_João_Cardoso_Aires_2024-04-24_12-02-24.gpx,CF030,"[ ""auditoria cicloviaria"", ""osmtracker"" ]"
2024-04-24_12-02-32 ciclofaixa rua joao cardoso ayres (rota setubal 2 etapa),2024/04/24 15:02:36+00,"075",2024-04-24_12-02-32_ciclofaixa_rua_joao_cardoso_ayres_(rota_setubal_2_etapa)_2024-04-24_12-02-32.gpx,CF030,
2024-04-24_12-13-59 ciclofaixa rua joao cardoso ayres (rota setubal 2 etapa) - continuação da anterior pq o apl abriu outra trilha nao sei como,2024/04/24 15:14:00+00,"076",2024-04-24_12-13-59_ciclofaixa_rua_joao_cardoso_ayres_(rota_setubal_2_etapa)_-_continuação_da_anterior_pq_o_apl_abriu_outra_trilha_nao_sei_como_2024-04-24_12-13-59.gpx,CF030,"[ ""auditoria cicloviaria"", ""osmtracker"" ]"
2024-04-24_12-50-42 Ciclofaixa Visc de jequitinhonha 2 etapa,2024/04/24 15:50:46+00,"077",2024-04-24_12-50-42_Ciclofaixa_Visc_de_jequitinhonha_2_etapa_2024-04-24_12-50-42.gpx,CF029,"[ ""auditoria cicloviaria"", ""osmtracker"" ]"
2024-04-24_12-50-53 ciclofaixa visc jequitinhonha 2 etapa,2024/04/24 15:50:56+00,"078",2024-04-24_12-50-53_ciclofaixa_visc_jequitinhonha_2_etapa_2024-04-24_12-50-53.gpx,CF029,"[ ""auditoria cicloviaria"", ""osmtracker"" ]"
2024-04-24_13-07-25 Ciclorota Rua visc jequitinhonha 2 etapa,2024/04/24 16:07:25+00,"079",2024-04-24_13-07-25_Ciclorota_Rua_visc_jequitinhonha_2_etapa_2024-04-24_13-07-25.gpx,CR029,"[ ""auditoria cicloviaria"", ""osmtracker"" ]"
2024-04-24_13-08-09 ciclorrota jequitinhonha 2 etapa,2024/04/24 16:08:12+00,"080",2024-04-24_13-08-09_ciclorrota_jequitinhonha_2_etapa_2024-04-24_13-08-09.gpx,CR029,"[ ""auditoria cicloviaria"", ""osmtracker"" ]"
2024-04-24_13-29-02 ciclorrota visc jequitinhonha etapa 1,2024/04/24 16:29:05+00,"081",2024-04-24_13-29-02_ciclorrota_visc_jequitinhonha_etapa_1_2024-04-24_13-29-02.gpx,CR023,"[ ""auditoria cicloviaria"", ""osmtracker"" ]"
2024-04-24_13-29-06 ciclorota visconde de jequitinhonha 1 etapa,2024/04/24 16:29:06+00,"082",2024-04-24_13-29-06_ciclorota_visconde_de_jequitinhonha_1_etapa_2024-04-24_13-29-06.gpx,CR023,"[ ""auditoria cicloviaria"", ""osmtracker"" ]"
2024-04-24_13-33-35 ciclofaixa visc jequitinhonha etapa 1,2024/04/24 16:33:39+00,"083",2024-04-24_13-33-35_ciclofaixa_visc_jequitinhonha_etapa_1_2024-04-24_13-33-35.gpx,CF023,"[ ""auditoria cicloviaria"", ""osmtracker"" ]"
2024-04-24_13-33-40 Ciclofaixa visc jequitinhonha 1 etapa,2024/04/24 16:33:40+00,"084",2024-04-24_13-33-40_Ciclofaixa_visc_jequitinhonha_1_etapa_2024-04-24_13-33-40.gpx,CF023,"[ ""auditoria cicloviaria"", ""osmtracker"" ]"
2024-04-24_14-04-32 Ciclofaixa Rota prof. João Medeiros,2024/04/24 17:04:36+00,"085",2024-04-24_14-04-32_Ciclofaixa_Rota_prof._João_Medeiros_2024-04-24_14-04-32.gpx,CF024,"[ ""auditoria cicloviaria"", ""osmtracker"" ]"
2024-04-24_14-04-33 ciclofaixa professor joao medeiros,2024/04/24 17:04:39+00,"086",2024-04-24_14-04-33_ciclofaixa_professor_joao_medeiros_2024-04-24_14-04-33.gpx,CF024,"[ ""auditoria cicloviaria"", ""osmtracker"" ]"
2024-04-24_14-17-41 ciclorrota prof joao medeiros,2024/04/24 17:17:46+00,"087",2024-04-24_14-17-41_ciclorrota_prof_joao_medeiros_2024-04-24_14-17-41.gpx,CR024,"[ ""auditoria cicloviaria"", ""osmtracker"" ]"
2024-04-24_14-31-29 ciclovia shopping recife,2024/04/24 17:31:31+00,"088",2024-04-24_14-31-29_ciclovia_shopping_recife_2024-04-24_14-31-29.gpx,CV066,"[ ""auditoria cicloviaria"", ""osmtracker"" ]"
2024-04-24_14-33-13 ciclovia Bruno Veloso,2024/04/24 17:33:17+00,"089",2024-04-24_14-33-13_ciclovia_Bruno_Veloso_2024-04-24_14-33-13.gpx,CV066,"[ ""auditoria cicloviaria"", ""osmtracker"" ]"
2024-04-24_14-36-54 area compartilhada shopping recife,2024/04/24 17:36:55+00,"090",2024-04-24_14-36-54_area_compartilhada_shopping_recife_2024-04-24_14-36-54.gpx,AC066,"[ ""auditoria cicloviaria"", ""osmtracker"" ]"
2024-04-24_14-37-49 Área compartilhada E Bruno Veloso,2024/04/24 17:37:52+00,"091",2024-04-24_14-37-49_Área_compartilhada_E_Bruno_Veloso_2024-04-24_14-37-49.gpx,AC066,"[ ""auditoria cicloviaria"", ""osmtracker"" ]"
2024-04-24_14-51-04 ciclofaixa Bruno Veloso,2024/04/24 17:51:07+00,"092",2024-04-24_14-51-04_ciclofaixa_Bruno_Veloso_2024-04-24_14-51-04.gpx,CF066,"[ ""auditoria cicloviaria"", ""osmtracker"" ]"
2024-04-24_14-51-08 ciclofaixa shopping recife,2024/04/24 17:51:12+00,"093",2024-04-24_14-51-08_ciclofaixa_shopping_recife_2024-04-24_14-51-08.gpx,CF066,
2024-04-24_16-42-33 RUA DA AURORA,2024/04/24 19:42:37+00,"094",2024-04-24_16-42-33_RUA_DA_AURORA_2024-04-24_16-42-33.gpx,CF031,"[ ""auditoria cicloviaria"", ""osmtracker"" ]"
2024-04-24_17-15-14 AV MÁRIO MELO RUA DOS PALMARES,2024/04/24 20:15:18+00,"095",2024-04-24_17-15-14_AV_MÁRIO_MELO_RUA_DOS_PALMARES_2024-04-24_17-15-14.gpx,CV027,"[ ""auditoria cicloviaria"", ""osmtracker"" ]"
2024-04-24_17-35-20 AV MÁRIO MELO RUA DOS PALMARES,2024/04/24 20:35:24+00,"096",2024-04-24_17-35-20_AV_MÁRIO_MELO_RUA_DOS_PALMARES_2024-04-24_17-35-20.gpx,CV027,"[ ""auditoria cicloviaria"", ""osmtracker"" ]"
2024-04-24_18-19-06 AV MÁRIO MELO RUA DOS PALMARES,2024/04/24 21:19:10+00,"097",2024-04-24_18-19-06_AV_MÁRIO_MELO_RUA_DOS_PALMARES_2024-04-24_18-19-06.gpx,CV027,"[ ""auditoria cicloviaria"", ""osmtracker"" ]"
2024-04-26_17-10-50 RUA DA AURORA,2024/04/26 20:10:53+00,"098",2024-04-26_17-10-50_RUA_DA_AURORA_2024-04-26_17-10-50.gpx,CF031,"[ ""auditoria cicloviaria"", ""osmtracker"" ]"
2024-04-26_18-33-46 AV JOÃO FERNANDES VIEIRA,2024/04/26 21:33:49+00,"099",2024-04-26_18-33-46_AV_JOÃO_FERNANDES_VIEIRA_2024-04-26_18-33-46.gpx,CF034,"[ ""auditoria cicloviaria"", ""osmtracker"" ]"
2024-04-26_18-44-54 AV JOÃO FERNANDES VIEIRA AV OLIVEIRA LIMA E RUA DO RIACHUELO,2024/04/26 21:44:56+00,"100",2024-04-26_18-44-54_AV_JOÃO_FERNANDES_VIEIRA_AV_OLIVEIRA_LIMA_E_RUA_DO_RIACHUELO_2024-04-26_18-44-54.gpx,CF034,"[ ""auditoria cicloviaria"", ""osmtracker"" ]"
2024-04-26_19-07-52 RUA DO RIACHUELO,2024/04/26 22:07:54+00,"101",2024-04-26_19-07-52_RUA_DO_RIACHUELO_2024-04-26_19-07-52.gpx,CR034,"[ ""auditoria cicloviaria"", ""osmtracker"" ]"
2024-04-27_12-02-15,2024/04/27 15:02:19+00,"102",2024-04-27_12-02-15_2024-04-27_12-02-15.gpx,CF010,"[ ""auditoria cicloviaria"", ""osmtracker"" ]"
2024-04-27_12-46-54,2024/04/27 15:46:57+00,"103",2024-04-27_12-46-54_2024-04-27_12-46-54.gpx,CF010,"[ ""auditoria cicloviaria"", ""osmtracker"" ]"
2024-04-27_13-23-27,2024/04/27 16:23:29+00,"104",2024-04-27_13-23-27_2024-04-27_13-23-27.gpx,CR010,"[ ""auditoria cicloviaria"", ""osmtracker"" ]"
2024-04-27_13-51-39,2024/04/27 16:51:42+00,"105",2024-04-27_13-51-39_2024-04-27_13-51-39.gpx,CF010,"[ ""auditoria cicloviaria"", ""osmtracker"" ]"
2024-04-27_14-35-40,2024/04/27 17:35:43+00,"106",2024-04-27_14-35-40_2024-04-27_14-35-40.gpx,CF071,"[ ""auditoria cicloviaria"", ""osmtracker"" ]"
2024-04-27_14-50-17,2024/04/27 17:50:20+00,"107",2024-04-27_14-50-17_2024-04-27_14-50-17.gpx,CF071,"[ ""auditoria cicloviaria"", ""osmtracker"" ]"
2024-04-27_15-10-36,2024/04/27 18:10:36+00,"108",2024-04-27_15-10-36_2024-04-27_15-10-36.gpx,CF002,"[ ""auditoria cicloviaria"", ""osmtracker"" ]"
2024-04-27_16-40-29,2024/04/27 19:40:32+00,"109",2024-04-27_16-40-29_2024-04-27_16-40-29.gpx,CF002,"[ ""auditoria cicloviaria"", ""osmtracker"" ]"
2024-05-01_08-46-22,2024/05/01 11:46:25+00,"110",2024-05-01_08-46-22_2024-05-01_08-46-22.gpx,CF044,"[ ""auditoria cicloviaria"", ""osmtracker"" ]"
2024-05-01_09-27-46,2024/05/01 12:27:48+00,"111",2024-05-01_09-27-46_2024-05-01_09-27-46.gpx,CF044,"[ ""auditoria cicloviaria"", ""osmtracker"" ]"
2024-05-01_10-01-51,2024/05/01 13:01:56+00,"112",2024-05-01_10-01-51_2024-05-01_10-01-51.gpx,CR044,"[ ""auditoria cicloviaria"", ""osmtracker"" ]"
2024-05-01_10-08-49,2024/05/01 13:08:51+00,"113",2024-05-01_10-08-49_2024-05-01_10-08-49.gpx,CF044,"[ ""auditoria cicloviaria"", ""osmtracker"" ]"
2024-05-01_10-30-51,2024/05/01 13:30:53+00,"114",2024-05-01_10-30-51_2024-05-01_10-30-51.gpx,CF044,"[ ""auditoria cicloviaria"", ""osmtracker"" ]"
2024-05-02_18-14-35,2024/05/02 21:14:37+00,"115",2024-05-02_18-14-35_2024-05-02_18-14-35.gpx,AC054,"[ ""auditoria cicloviaria"", ""osmtracker"" ]"
2024-05-02_18-44-02,2024/05/02 21:44:05+00,"116",2024-05-02_18-44-02_2024-05-02_18-44-02.gpx,CF054,"[ ""auditoria cicloviaria"", ""osmtracker"" ]"
2024-05-02_18-54-52,2024/05/02 21:54:54+00,"117",2024-05-02_18-54-52_2024-05-02_18-54-52.gpx,CF054,"[ ""auditoria cicloviaria"", ""osmtracker"" ]"
2024-05-03_07-37-40 Ciclorrota Dom Helder camara,2024/05/03 10:37:43+00,"118",2024-05-03_07-37-40_Ciclorrota_Dom_Helder_camara_2024-05-03_07-37-40.gpx,CR055,"[ ""auditoria cicloviaria"", ""osmtracker"" ]"
2024-05-03_07-38-06 ciclorrota dom helder camara,2024/05/03 10:38:08+00,"119",2024-05-03_07-38-06_ciclorrota_dom_helder_camara_2024-05-03_07-38-06.gpx,CR055,"[ ""auditoria cicloviaria"", ""osmtracker"" ]"
2024-05-03_08-04-50 Ciclofaixa Dom Helder camara,2024/05/03 11:04:51+00,"120",2024-05-03_08-04-50_Ciclofaixa_Dom_Helder_camara_2024-05-03_08-04-50.gpx,CF055,"[ ""auditoria cicloviaria"", ""osmtracker"" ]"
2024-05-03_08-04-51 ciclofaixa dom helder camara,2024/05/03 11:04:53+00,"121",2024-05-03_08-04-51_ciclofaixa_dom_helder_camara_2024-05-03_08-04-51.gpx,CF055,"[ ""auditoria cicloviaria"", ""osmtracker"" ]"
2024-05-03_08-36-29 ciclorrota dom helder camara,2024/05/03 11:36:33+00,"122",2024-05-03_08-36-29_ciclorrota_dom_helder_camara_2024-05-03_08-36-29.gpx,CR055,"[ ""auditoria cicloviaria"", ""osmtracker"" ]"
2024-05-03_08-36-43 CICLORROTA DOM Helder camara,2024/05/03 11:36:45+00,"123",2024-05-03_08-36-43_CICLORROTA_DOM_Helder_camara_2024-05-03_08-36-43.gpx,CR055,"[ ""auditoria cicloviaria"", ""osmtracker"" ]"
2024-05-03_08-46-29 ciclofaixa dom helder camara,2024/05/03 11:46:31+00,"124",2024-05-03_08-46-29_ciclofaixa_dom_helder_camara_2024-05-03_08-46-29.gpx,CF055,"[ ""auditoria cicloviaria"", ""osmtracker"" ]"
2024-05-03_08-46-37 Ciclofaixa DOM HELDER CAMARA,2024/05/03 11:46:39+00,"125",2024-05-03_08-46-37_Ciclofaixa_DOM_HELDER_CAMARA_2024-05-03_08-46-37.gpx,CF055,"[ ""auditoria cicloviaria"", ""osmtracker"" ]"
2024-05-03_08-53-12CICLOFAIXA DOM HELDER CAMARA,2024/05/03 11:53:13+00,"126",2024-05-03_08-53-12CICLOFAIXA_DOM_HELDER_CAMARA_2024-05-03_08-53-12.gpx,CF055,"[ ""auditoria cicloviaria"", ""osmtracker"" ]"
2024-05-03_08-54-09 ciclofaixa dom helder camara,2024/05/03 11:54:11+00,"127",2024-05-03_08-54-09_ciclofaixa_dom_helder_camara_2024-05-03_08-54-09.gpx,CF055,"[ ""auditoria cicloviaria"", ""osmtracker"" ]"
2024-05-03_09-03-54 area compartilhada dom helder camara,2024/05/03 12:03:57+00,"128",2024-05-03_09-03-54_area_compartilhada_dom_helder_camara_2024-05-03_09-03-54.gpx,AC055,"[ ""auditoria cicloviaria"", ""osmtracker"" ]"
2024-05-03_09-11-25 ciclovia dom helder camara,2024/05/03 12:11:27+00,"129",2024-05-03_09-11-25_ciclovia_dom_helder_camara_2024-05-03_09-11-25.gpx,CV055,"[ ""auditoria cicloviaria"", ""osmtracker"" ]"
2024-05-03_09-17-17 CICLOFAIXA AV DOM HELDER CAMARA,2024/05/03 12:17:19+00,"130",2024-05-03_09-17-17_CICLOFAIXA_AV_DOM_HELDER_CAMARA_2024-05-03_09-17-17.gpx,CF055,"[ ""auditoria cicloviaria"", ""osmtracker"" ]"
2024-05-03_09-20-27 ciclofaixa dom helder camara,2024/05/03 12:20:28+00,"131",2024-05-03_09-20-27_ciclofaixa_dom_helder_camara_2024-05-03_09-20-27.gpx,CF055,"[ ""auditoria cicloviaria"", ""osmtracker"" ]"
2024-05-03_09-54-37 CICLOVIA IBURA,2024/05/03 12:54:38+00,"132",2024-05-03_09-54-37_CICLOVIA_IBURA_2024-05-03_09-54-37.gpx,CV035,"[ ""auditoria cicloviaria"", ""osmtracker"" ]"
2024-05-03_09-55-00 ciclovia ibura,2024/05/03 12:55:02+00,"133",2024-05-03_09-55-00_ciclovia_ibura_2024-05-03_09-55-00.gpx,CV035,"[ ""auditoria cicloviaria"", ""osmtracker"" ]"
2024-05-03_10-25-04 CICLOFAIXA JULIO CESAR,2024/05/03 13:25:05+00,"134",2024-05-03_10-25-04_CICLOFAIXA_JULIO_CESAR_2024-05-03_10-25-04.gpx,CF039,"[ ""auditoria cicloviaria"", ""osmtracker"" ]"
2024-05-03_10-25-13 ciclofaixa julio cesar,2024/05/03 13:25:16+00,"135",2024-05-03_10-25-13_ciclofaixa_julio_cesar_2024-05-03_10-25-13.gpx,CF039,"[ ""auditoria cicloviaria"", ""osmtracker"" ]"
2024-05-03_17-57-49,2024/05/03 20:57:54+00,"136",2024-05-03_17-57-49_2024-05-03_17-57-49.gpx,AC080,"[ ""auditoria cicloviaria"", ""osmtracker"" ]"
2024-05-03_18-23-09,2024/05/03 21:23:12+00,"137",2024-05-03_18-23-09_2024-05-03_18-23-09.gpx,CV080,"[ ""auditoria cicloviaria"", ""osmtracker"" ]"
2024-05-03_18-40-02,2024/05/03 21:40:05+00,"138",2024-05-03_18-40-02_2024-05-03_18-40-02.gpx,CV080,"[ ""auditoria cicloviaria"", ""osmtracker"" ]"
2024-05-03_18-55-42,2024/05/03 21:55:45+00,"139",2024-05-03_18-55-42_2024-05-03_18-55-42.gpx,AC080,"[ ""auditoria cicloviaria"", ""osmtracker"" ]"
2024-05-03_19-56-48,2024/05/03 22:56:50+00,"140",2024-05-03_19-56-48_2024-05-03_19-56-48.gpx,AC080,"[ ""auditoria cicloviaria"", ""osmtracker"" ]"
2024-05-06_17-26-47,2024/05/06 20:26:53+00,"141",2024-05-06_17-26-47_2024-05-06_17-26-47.gpx,CF0021,"[ ""auditoria cicloviaria"", ""osmtracker"" ]"
2024-05-07_08-07-27 ciclofaixa rua manoel honorato da silva,2024/05/07 11:07:28+00,"142",2024-05-07_08-07-27_ciclofaixa_rua_manoel_honorato_da_silva_2024-05-07_08-07-27.gpx,CCF15,"[ """", ""auditoria cicloviaria"", ""osmtracker"" ]"
2024-05-07_08-07-36 Ciclofaixa Camaragibe,2024/05/07 11:07:41+00,"143",2024-05-07_08-07-36_Ciclofaixa_Camaragibe_2024-05-07_08-07-36.gpx,CCF15,"[ ""auditoria cicloviaria"", ""osmtracker"" ]"
2024-05-07_08-40-42 ciclovia duvidosa rua padre oseias cavalcante,2024/05/07 11:40:44+00,"144",2024-05-07_08-40-42_ciclovia_duvidosa_rua_padre_oseias_cavalcante_2024-05-07_08-40-42.gpx,CCV16,"[ ""auditoria cicloviaria"", ""osmtracker"" ]"
2024-05-07_08-56-49 CAMARAGIBE - Ciclofaixa RAMAL ARENA PERNAMBUCO,2024/05/07 11:56:51+00,"145",2024-05-07_08-56-49_CAMARAGIBE_-_Ciclofaixa_RAMAL_ARENA_PERNAMBUCO_2024-05-07_08-56-49.gpx,CCV13,"[ ""auditoria cicloviaria"", ""osmtracker"" ]"
2024-05-07_09-00-31 ciclofaixa ramal arena pernambuco - obs no codigo diz ciclovia mas é ciclofaixa,2024/05/07 12:00:33+00,"146",2024-05-07_09-00-31_ciclofaixa_ramal_arena_pernambuco_-_obs_no_codigo_diz_ciclovia_mas_é_ciclofaixa_2024-05-07_09-00-31.gpx,CCV13,"[ ""auditoria cicloviaria"", ""osmtracker"" ]"
2024-05-07_09-26-24 ciclovia ramal da copa,2024/05/07 12:26:25+00,"147",2024-05-07_09-26-24_ciclovia_ramal_da_copa_2024-05-07_09-26-24.gpx,CCV14,"[ ""auditoria cicloviaria"", ""osmtracker"" ]"
2024-05-07_09-33-46 ciclovia ramal da copa/Deus é fiel,2024/05/07 12:33:47+00,"148",2024-05-07_09-33-46_ciclovia_ramal_da_copa_Deus_é_fiel_2024-05-07_09-33-46.gpx,SCV56,"[ ""auditoria cicloviaria"", ""osmtracker"" ]"
2024-05-07_09-33-49 SAO LOURENÇO - CICLOVIA - Ramal da copa,2024/05/07 12:33:51+00,"149",2024-05-07_09-33-49_SAO_LOURENÇO_-_CICLOVIA_-_Ramal_da_copa_2024-05-07_09-33-49.gpx,SCV56,"[ ""auditoria cicloviaria"", ""osmtracker"" ]"
2024-05-07_10-53-47 São Lourenço ciclofaixa arena Pernambuco,2024/05/07 13:53:53+00,"150",2024-05-07_10-53-47_São_Lourenço_ciclofaixa_arena_Pernambuco_2024-05-07_10-53-47.gpx,SCF57,"[ ""auditoria cicloviaria"", ""osmtracker"" ]"
2024-05-07_10-54-12 suposta ciclofaixa arena pernambuco,2024/05/07 13:54:14+00,"151",2024-05-07_10-54-12_suposta_ciclofaixa_arena_pernambuco_2024-05-07_10-54-12.gpx,SCF57,"[ ""auditoria cicloviaria"", ""osmtracker"" ]"
2024-05-07_11-02-13 suposta ciclovia no meio da ciclofaixa arena pernambuco,2024/05/07 14:02:14+00,"152",2024-05-07_11-02-13_suposta_ciclovia_no_meio_da_ciclofaixa_arena_pernambuco_2024-05-07_11-02-13.gpx,,"[ ""auditoria cicloviaria"", ""osmtracker"" ]"
2024-05-07_11-15-38Sao Lourenço ciclovia arena Pernambuco,2024/05/07 14:15:40+00,"153",2024-05-07_11-15-38Sao_Lourenço_ciclovia_arena_Pernambuco_2024-05-07_11-15-38.gpx,SCV58,"[ ""auditoria cicloviaria"", ""osmtracker"" ]"
2024-05-07_11-15-46 ciclovia arena pernambuco,2024/05/07 14:15:48+00,"154",2024-05-07_11-15-46_ciclovia_arena_pernambuco_2024-05-07_11-15-46.gpx,SCV58,"[ ""auditoria cicloviaria"", ""osmtracker"" ]"
2024-05-07_12-08-04 ciclofaixa residencial sao lourenço - inscrito como ciclovia mas é ciclofaixa,2024/05/07 15:08:05+00,"155",2024-05-07_12-08-04_ciclofaixa_residencial_sao_lourenço_-_inscrito_como_ciclovia_mas_é_ciclofaixa_2024-05-07_12-08-04.gpx,SCV59,"[ ""auditoria cicloviaria"", ""osmtracker"" ]"
2024-05-07_12-09-03  São Lourenço ciclofaixa - Residencial SL,2024/05/07 15:09:05+00,"156",2024-05-07_12-09-03__São_Lourenço_ciclofaixa_-_Residencial_SL_2024-05-07_12-09-03.gpx,SCV59,"[ ""auditoria cicloviaria"", ""osmtracker"" ]"
2024-05-07_17-19-40,2024/05/07 20:19:43+00,"157",2024-05-07_17-19-40_2024-05-07_17-19-40.gpx,CV021,"[ ""auditoria cicloviaria"", ""osmtracker"" ]"
2024-05-07_17-39-52,2024/05/07 20:39:54+00,"158",2024-05-07_17-39-52_2024-05-07_17-39-52.gpx,CV021,"[ ""auditoria cicloviaria"", ""osmtracker"" ]"
2024-05-07_17-45-54,2024/05/07 20:45:57+00,"159",2024-05-07_17-45-54_2024-05-07_17-45-54.gpx,CV021,"[ """", ""auditoria cicloviaria"", ""osmtracker"" ]"
2024-05-08_16-37-10,2024/05/08 19:37:14+00,"160",2024-05-08_16-37-10_2024-05-08_16-37-10.gpx,CF007,"[ ""auditoria cicloviaria"", ""osmtracker"" ]"
2024-05-08_17-49-07,2024/05/08 20:49:10+00,"161",2024-05-08_17-49-07_2024-05-08_17-49-07.gpx,CF007,"[ ""auditoria cicloviaria"", ""osmtracker"" ]"
2024-05-09_13-19-56 AV. AGAMENOM MAGALHÃES  (SENTIDO BOA VIAGEM),2024/05/09 16:19:58+00,"162",2024-05-09_13-19-56_AV._AGAMENOM_MAGALHÃES__(SENTIDO_BOA_VIAGEM)_2024-05-09_13-19-56.gpx,"CF047, 
CR047, 
AC047, CF068","[ ""auditoria cicloviaria"", ""osmtracker"" ]"
2024-05-09_13-43-31AV. AGAMENOM MAGALHÃES (SENTIDO OLINDA),2024/05/09 16:43:34+00,"163",2024-05-09_13-43-31AV._AGAMENOM_MAGALHÃES_(SENTIDO_OLINDA)_2024-05-09_13-43-31.gpx,"CF047, ﻿ CR047, ﻿ AC047, CF068","[ ""auditoria cicloviaria"", ""osmtracker"" ]"
2024-05-09_14-45-26 RUA DO HOSPÍCIO (CICLO NA CALÇADA) (Percurso ciclofaixa Santo Antônio),2024/05/09 17:45:29+00,"164",2024-05-09_14-45-26_RUA_DO_HOSPÍCIO_(CICLO_NA_CALÇADA)_(Percurso_ciclofaixa_Santo_Antônio)_2024-05-09_14-45-26.gpx,"CF057, 
AC057","[ ""auditoria cicloviaria"", ""osmtracker"" ]"
2024-05-09_14-56-43 RUA DO HOSPÍCIO (Percurso ciclofaixa Santo Antônio),2024/05/09 17:56:46+00,"165",2024-05-09_14-56-43_RUA_DO_HOSPÍCIO_(Percurso_ciclofaixa_Santo_Antônio)_2024-05-09_14-56-43.gpx,"CF057, 
AC057","[ ""auditoria cicloviaria"", ""osmtracker"" ]"
2024-05-09_15-08-01 RUA DO HOSPÍCIO (Percurso ciclofaixa Santo Antônio),2024/05/09 18:08:05+00,"166",2024-05-09_15-08-01_RUA_DO_HOSPÍCIO_(Percurso_ciclofaixa_Santo_Antônio)_2024-05-09_15-08-01.gpx,"CF057, 
AC057","[ ""auditoria cicloviaria"", ""osmtracker"" ]"
2024-05-09_15-15-43 RUA DO HOSPÍCIO (Percurso ciclofaixa Santo Antônio),2024/05/09 18:15:46+00,"167",2024-05-09_15-15-43_RUA_DO_HOSPÍCIO_(Percurso_ciclofaixa_Santo_Antônio)_2024-05-09_15-15-43.gpx,"CF057, 
AC057","[ ""auditoria cicloviaria"", ""osmtracker"" ]"
2024-05-09_15-35-01 PONTE DA BOA VISTA (Percurso ciclofaixa Santo Antônio),2024/05/09 18:35:04+00,"168",2024-05-09_15-35-01_PONTE_DA_BOA_VISTA_(Percurso_ciclofaixa_Santo_Antônio)_2024-05-09_15-35-01.gpx,"CF057, 
AC057","[ ""auditoria cicloviaria"", ""osmtracker"" ]"
2024-05-09_15-46-53 RUA NOVA (Percurso ciclofaixa Santo Antônio),2024/05/09 18:46:56+00,"169",2024-05-09_15-46-53_RUA_NOVA_(Percurso_ciclofaixa_Santo_Antônio)_2024-05-09_15-46-53.gpx,"CF057, 
AC057","[ ""auditoria cicloviaria"", ""osmtracker"" ]"
2024-05-09_15-58-24 RUA PRIMEIRO DE MARÇO(Percurso ciclofaixa Santo Antônio),2024/05/09 18:58:27+00,"170",2024-05-09_15-58-24_RUA_PRIMEIRO_DE_MARÇO(Percurso_ciclofaixa_Santo_Antônio)_2024-05-09_15-58-24.gpx,"CF057, 
AC057","[ ""auditoria cicloviaria"", ""osmtracker"" ]"
2024-05-09_18-19-03 RUA DA SAUDADE (CICLOROTA),2024/05/09 21:19:06+00,"171",2024-05-09_18-19-03_RUA_DA_SAUDADE_(CICLOROTA)_2024-05-09_18-19-03.gpx,"CF069, 
CR069","[ ""auditoria cicloviaria"", ""osmtracker"" ]"
2024-05-09_18-23-53 RUA DA SAUDADE,2024/05/09 21:23:56+00,"172",2024-05-09_18-23-53_RUA_DA_SAUDADE_2024-05-09_18-23-53.gpx,"CF069, 
CR069","[ ""auditoria cicloviaria"", ""osmtracker"" ]"
2024-05-09_18-39-07 RUA DOS PALMARES (Percurso ciclofaixa João de barros),2024/05/09 21:39:10+00,"173",2024-05-09_18-39-07_RUA_DOS_PALMARES_(Percurso_ciclofaixa_João_de_barros)_2024-05-09_18-39-07.gpx,CF064,"[ ""auditoria cicloviaria"", ""osmtracker"" ]"
2024-05-09_18-48-25 RUA DOS PALMARES E RUA DOUTOR CARLOS CHAGAS (Percurso ciclofaixa João de barros),2024/05/09 21:48:27+00,"174",2024-05-09_18-48-25_RUA_DOS_PALMARES_E_RUA_DOUTOR_CARLOS_CHAGAS_(Percurso_ciclofaixa_João_de_barros)_2024-05-09_18-48-25.gpx,CF064,"[ ""auditoria cicloviaria"", ""osmtracker"" ]"
2024-05-09_18-59-25 AV JOÃO DE BARROS (Perscuso ciclofaixa João de Barros),2024/05/09 21:59:28+00,"175",2024-05-09_18-59-25_AV_JOÃO_DE_BARROS_(Perscuso_ciclofaixa_João_de_Barros)_2024-05-09_18-59-25.gpx,CF064,"[ ""auditoria cicloviaria"", ""osmtracker"" ]"
2024-05-09_19-10-49 AGAMENON MAGALHÃES  (CICLO NO NÍVEL DA VIA),2024/05/09 22:10:52+00,"176",2024-05-09_19-10-49_AGAMENON_MAGALHÃES__(CICLO_NO_NÍVEL_DA_VIA)_2024-05-09_19-10-49.gpx,,"[ ""auditoria cicloviaria"", ""osmtracker"" ]"
2024-05-10_07-20-46 ciclovia ponte do paiva,2024/05/10 10:20:51+00,"177",2024-05-10_07-20-46_ciclovia_ponte_do_paiva_2024-05-10_07-20-46.gpx,CCV12,"[ ""auditoria cicloviaria"", ""osmtracker"" ]"
2024-05-10_07-32-54 ciclovia do paiva,2024/05/10 10:32:56+00,"178",2024-05-10_07-32-54_ciclovia_do_paiva_2024-05-10_07-32-54.gpx,CCV06,"[ ""auditoria cicloviaria"", ""osmtracker"" ]"
2024-05-10_07-59-31ciclovia vila dos corais,2024/05/10 10:59:34+00,"179",2024-05-10_07-59-31ciclovia_vila_dos_corais_2024-05-10_07-59-31.gpx,,"[ ""auditoria cicloviaria"", ""osmtracker"" ]"
2024-05-10_08-38-41 ciclofaixa pe-024 itapuama/enseada,2024/05/10 11:38:42+00,"180",2024-05-10_08-38-41_ciclofaixa_pe-024_itapuama_enseada_2024-05-10_08-38-41.gpx,,"[ ""auditoria cicloviaria"", ""osmtracker"" ]"
2024-05-10_09-45-06 ciclofaixa av vr. lucio fernando monteiro pereira - sem pintura,2024/05/10 12:45:09+00,"181",2024-05-10_09-45-06_ciclofaixa_av_vr._lucio_fernando_monteiro_pereira_-_sem_pintura_2024-05-10_09-45-06.gpx,,"[ ""auditoria cicloviaria"", ""osmtracker"" ]"
2024-05-10_10-04-14 suposta ciclovia praça de gaibu,2024/05/10 13:04:16+00,"182",2024-05-10_10-04-14_suposta_ciclovia_praça_de_gaibu_2024-05-10_10-04-14.gpx,CCV07,"[ ""auditoria cicloviaria"", ""osmtracker"" ]"
2024-05-10_11-32-35 ciclovia academia da cidade gaibu,2024/05/10 14:32:37+00,"183",2024-05-10_11-32-35_ciclovia_academia_da_cidade_gaibu_2024-05-10_11-32-35.gpx,,"[ ""auditoria cicloviaria"", ""osmtracker"" ]"
2024-05-10_13-03-02 calçadao vila social 1,2024/05/10 16:03:04+00,"184",2024-05-10_13-03-02_calçadao_vila_social_1_2024-05-10_13-03-02.gpx,CCV05,"[ ""auditoria cicloviaria"", ""osmtracker"" ]"
2024-05-10_13-20-37 calçadão vila social 2,2024/05/10 16:20:39+00,"185",2024-05-10_13-20-37_calçadão_vila_social_2_2024-05-10_13-20-37.gpx,CCV05,"[ ""auditoria cicloviaria"", ""osmtracker"" ]"
2024-05-10_13-26-21 area compartilhada vila social,2024/05/10 16:26:22+00,"186",2024-05-10_13-26-21_area_compartilhada_vila_social_2024-05-10_13-26-21.gpx,,"[ ""auditoria cicloviaria"", ""osmtracker"" ]"
2024-05-10_13-43-11 ciclovia av histo. pereira da costa,2024/05/10 16:43:12+00,"187",2024-05-10_13-43-11_ciclovia_av_histo._pereira_da_costa_2024-05-10_13-43-11.gpx,,"[ ""auditoria cicloviaria"", ""osmtracker"" ]"
2024-05-10_13-53-24 ciclofaixa av histo pereira da costa,2024/05/10 16:53:26+00,"188",2024-05-10_13-53-24_ciclofaixa_av_histo_pereira_da_costa_2024-05-10_13-53-24.gpx,,"[ ""auditoria cicloviaria"", ""osmtracker"" ]"
2024-05-10_14-14-43 ciclofaixa av presidente getulio vargas,2024/05/10 17:14:45+00,"189",2024-05-10_14-14-43_ciclofaixa_av_presidente_getulio_vargas_2024-05-10_14-14-43.gpx,,"[ ""auditoria cicloviaria"", ""osmtracker"" ]"
2024-05-10_14-32-34 ciclovia pe060,2024/05/10 17:32:36+00,"190",2024-05-10_14-32-34_ciclovia_pe060_2024-05-10_14-32-34.gpx,CCV09,"[ ""auditoria cicloviaria"", ""osmtracker"" ]"
2024-05-10_14-42-29 ciclofaixa pe060,2024/05/10 17:42:30+00,"191",2024-05-10_14-42-29_ciclofaixa_pe060_2024-05-10_14-42-29.gpx,CCF10,"[ ""auditoria cicloviaria"", ""osmtracker"" ]"
2024-05-10_15-33-41,2024/05/10 18:33:44+00,"192",2024-05-10_15-33-41_2024-05-10_15-33-41.gpx,CF042,"[ ""auditoria cicloviaria"", ""osmtracker"" ]"
2024-05-10_15-33-55,2024/05/10 18:33:57+00,"193",2024-05-10_15-33-55_2024-05-10_15-33-55.gpx,CF042,"[ ""auditoria cicloviaria"", ""osmtracker"" ]"
2024-05-10_16-21-27,2024/05/10 19:21:31+00,"194",2024-05-10_16-21-27_2024-05-10_16-21-27.gpx,CF042,"[ ""auditoria cicloviaria"", ""osmtracker"" ]"
2024-05-10_16-30-33,2024/05/10 19:30:36+00,"195",2024-05-10_16-30-33_2024-05-10_16-30-33.gpx,CR042,"[ ""auditoria cicloviaria"", ""osmtracker"" ]"
2024-05-10_16-56-00,2024/05/10 19:56:03+00,"196",2024-05-10_16-56-00_2024-05-10_16-56-00.gpx,AC042,"[ ""auditoria cicloviaria"", ""osmtracker"" ]"
2024-05-10_17-20-45,2024/05/10 20:20:48+00,"197",2024-05-10_17-20-45_2024-05-10_17-20-45.gpx,CF007,"[ ""auditoria cicloviaria"", ""osmtracker"" ]"
2024-05-10_17-35-41,2024/05/10 20:35:45+00,"198",2024-05-10_17-35-41_2024-05-10_17-35-41.gpx,CF045,"[ ""auditoria cicloviaria"", ""osmtracker"" ]"
2024-05-10_18-38-45,2024/05/10 21:38:48+00,"199",2024-05-10_18-38-45_2024-05-10_18-38-45.gpx,CF045,"[ ""auditoria cicloviaria"", ""osmtracker"" ]"
2024-05-10_19-08-06,2024/05/10 22:08:10+00,"200",2024-05-10_19-08-06_2024-05-10_19-08-06.gpx,CF056,"[ ""auditoria cicloviaria"", ""osmtracker"" ]"
2024-05-10_19-18-29,2024/05/10 22:18:31+00,"201",2024-05-10_19-18-29_2024-05-10_19-18-29.gpx,CF056,"[ ""auditoria cicloviaria"", ""osmtracker"" ]"
2024-05-11_15-25-35 RUA COMENDADOR FRANCISCO FERREIRA,2024/05/11 18:25:42+00,"202",2024-05-11_15-25-35_RUA_COMENDADOR_FRANCISCO_FERREIRA_2024-05-11_15-25-35.gpx,"CF016, 
CR016","[ ""auditoria cicloviaria"", ""osmtracker"" ]"
"2024-05-11_15-37-48 Rua Prof. Silvio ﻿ da Cunha Santos, Av. General San Martin, Av. João ﻿ Cabral de Melo Neto, Rua Senador Alberto ﻿Pasqualini",2024/05/11 18:37:51+00,"203","2024-05-11_15-37-48_Rua_Prof._Silvio_﻿_da_Cunha_Santos,_Av._General_San_Martin,_Av._João_﻿_Cabral_de_Melo_Neto,_Rua_Senador_Alberto_﻿Pasqualini_2024-05-11_15-37-48.gpx","CF016, 
CR016","[ ""auditoria cicloviaria"", ""osmtracker"" ]"
2024-05-11_16-01-20 PRAÇA JARDIM SÃO PAULO,2024/05/11 19:01:23+00,"204",2024-05-11_16-01-20_PRAÇA_JARDIM_SÃO_PAULO_2024-05-11_16-01-20.gpx,"CF016, 
CR016","[ ""auditoria cicloviaria"", ""osmtracker"" ]"
"2024-05-11_16-14-32 Rua Major Godofredo Luiz Pereira de Lima, Rua Professor Pedro Augusto, Rua Carlos Alberto Valença",2024/05/11 19:14:35+00,"205","2024-05-11_16-14-32_Rua_Major_Godofredo_Luiz_Pereira_de_Lima,_Rua_Professor_Pedro_Augusto,_Rua_Carlos_Alberto_Valença_2024-05-11_16-14-32.gpx","CF077, 
CR077","[ ""auditoria cicloviaria"", ""osmtracker"" ]"
"2024-05-11_17-10-04 Rua Visconde de Pelotas, Rua Santos Araújo, Rua ﻿ Quitério Inácio de Mello, Rua Augusto Calheiros",2024/05/11 20:10:08+00,"206","2024-05-11_17-10-04_Rua_Visconde_de_Pelotas,_Rua_Santos_Araújo,_Rua_﻿_Quitério_Inácio_de_Mello,_Rua_Augusto_Calheiros_2024-05-11_17-10-04.gpx","CF008, 
CR008","[ ""auditoria cicloviaria"", ""osmtracker"" ]"
"2024-05-11_17-24-09 Ponte Gilberto Freyre, Rua Arquiteto Luiz Nunes, Rua Eng. José Brandão Cavalcante",2024/05/11 20:24:12+00,"207","2024-05-11_17-24-09_Ponte_Gilberto_Freyre,_Rua_Arquiteto_Luiz_Nunes,_Rua_Eng._José_Brandão_Cavalcante_2024-05-11_17-24-09.gpx","CF008, 
CR008","[ ""auditoria cicloviaria"", ""osmtracker"" ]"
2024-05-11_17-31-04 LAGOA DO ARAÇÁ,2024/05/11 20:31:08+00,"208",2024-05-11_17-31-04_LAGOA_DO_ARAÇÁ_2024-05-11_17-31-04.gpx,"CF008, 
CR008","[ """", ""auditoria cicloviaria"", ""osmtracker"" ]"
2024-05-13_11-35-17 RUA JOSÉ DE ALENCAR,2024/05/13 14:35:24+00,"209",2024-05-13_11-35-17_RUA_JOSÉ_DE_ALENCAR_2024-05-13_11-35-17.gpx,CF049,"[ ""auditoria cicloviaria"", ""osmtracker"" ]"
2024-05-13_11-44-36 RUA JOSÉ DE ALENCAR,2024/05/13 14:44:40+00,"210",2024-05-13_11-44-36_RUA_JOSÉ_DE_ALENCAR_2024-05-13_11-44-36.gpx,CF049,"[ ""auditoria cicloviaria"", ""osmtracker"" ]"
2024-05-13_12-03-00 RUA FRANCISCO ALVES,2024/05/13 15:03:03+00,"211",2024-05-13_12-03-00_RUA_FRANCISCO_ALVES_2024-05-13_12-03-00.gpx,"CF028, 
CR028","[ ""auditoria cicloviaria"", ""osmtracker"" ]"
"2024-05-13_12-12-44 Praça Miguel de Cervantes, Rua Estado do Israel, Rua Jornalista Trajano Chacon, Rua Frei Matias Tevis, Rua Senador José Henrique",2024/05/13 15:12:48+00,"212","2024-05-13_12-12-44_Praça_Miguel_de_Cervantes,_Rua_Estado_do_Israel,_Rua_Jornalista_Trajano_Chacon,_Rua_Frei_Matias_Tevis,_Rua_Senador_José_Henrique_2024-05-13_12-12-44.gpx","CF028, 
CR028","[ ""auditoria cicloviaria"", ""osmtracker"" ]"
2024-05-13_12-32-13 Rua Antônio Gomes de Freitas.,2024/05/13 15:32:16+00,"213",2024-05-13_12-32-13_Rua_Antônio_Gomes_de_Freitas._2024-05-13_12-32-13.gpx,"CF028, 
CR028","[ ""auditoria cicloviaria"", ""osmtracker"" ]"
2024-05-13_13-54-24 RUA PAISSANDU,2024/05/13 16:54:28+00,"214",2024-05-13_13-54-24_RUA_PAISSANDU_2024-05-13_13-54-24.gpx,"CF075, 
CR075","[ ""auditoria cicloviaria"", ""osmtracker"" ]"
"2024-05-13_14-03-01Rua Dom Bosco, Rua Visconde de Goiana",2024/05/13 17:03:03+00,"215","2024-05-13_14-03-01Rua_Dom_Bosco,_Rua_Visconde_de_Goiana_2024-05-13_14-03-01.gpx","CF075, 
CR075","[ ""auditoria cicloviaria"", ""osmtracker"" ]"
"2024-05-13_14-16-30 Rua Barão de São Borja depois da JOSÉ DE ALENCAR, Rua Rosário da Boa Vista, Rua do Aragão.",2024/05/13 17:16:37+00,"216","2024-05-13_14-16-30_Rua_Barão_de_São_Borja_depois_da_JOSÉ_DE_ALENCAR,_Rua_Rosário_da_Boa_Vista,_Rua_do_Aragão._2024-05-13_14-16-30.gpx","CF075, 
CR075","[ ""auditoria cicloviaria"", ""osmtracker"" ]"
"2024-05-13_14-32-18 até Rua da Matriz, Rua Velha",2024/05/13 17:32:21+00,"217","2024-05-13_14-32-18_até_Rua_da_Matriz,_Rua_Velha_2024-05-13_14-32-18.gpx","CF075, 
CR075","[ ""auditoria cicloviaria"", ""osmtracker"" ]"
2024-05-13_14-37-05 Rua Dr. José Mariano,2024/05/13 17:37:07+00,"218",2024-05-13_14-37-05_Rua_Dr._José_Mariano_2024-05-13_14-37-05.gpx,"CF075, 
CR075","[ ""auditoria cicloviaria"", ""osmtracker"" ]"
2024-05-13_14-42-21 Rua Dr. José Mariano até a Ponte Duarte Coelho.,2024/05/13 17:42:24+00,"219",2024-05-13_14-42-21_Rua_Dr._José_Mariano_até_a_Ponte_Duarte_Coelho._2024-05-13_14-42-21.gpx,"CF075, 
CR075","[ ""auditoria cicloviaria"", ""osmtracker"" ]"
2024-05-14_08-59-06 ciclofaixa nossa sra do ó,2024/05/14 11:59:10+00,"220",2024-05-14_08-59-06_ciclofaixa_nossa_sra_do_ó_2024-05-14_08-59-06.gpx,ICF,"[ ""auditoria cicloviaria"", ""osmtracker"" ]"
2024-05-14_09-00-02Ciclofaixa NS DO Ó,2024/05/14 12:00:07+00,"221",2024-05-14_09-00-02Ciclofaixa_NS_DO_Ó_2024-05-14_09-00-02.gpx,ICF,"[ ""auditoria cicloviaria"", ""osmtracker"" ]"
2024-05-14_09-54-32 bicicletario nossa sra do ó,2024/05/14 12:54:36+00,"222",2024-05-14_09-54-32_bicicletario_nossa_sra_do_ó_2024-05-14_09-54-32.gpx,,"[ ""auditoria cicloviaria"", ""osmtracker"" ]"
2024-05-14_10-01-15 Ciclovia da PE - 09,2024/05/14 13:01:17+00,"223",2024-05-14_10-01-15_Ciclovia_da_PE_-_09_2024-05-14_10-01-15.gpx,ICV18,"[ ""auditoria cicloviaria"", ""osmtracker"" ]"
2024-05-14_10-01-15 ciclovia pe009,2024/05/14 13:01:16+00,"224",2024-05-14_10-01-15_ciclovia_pe009_2024-05-14_10-01-15.gpx,ICV18,"[ ""auditoria cicloviaria"", ""osmtracker"" ]"
2024-05-14_11-03-55 ciclorrota pe009,2024/05/14 14:03:57+00,"225",2024-05-14_11-03-55_ciclorrota_pe009_2024-05-14_11-03-55.gpx,ICR17,"[ ""auditoria cicloviaria"", ""osmtracker"" ]"
2024-05-14_11-04-06Ciclorrota da PE-09,2024/05/14 14:04:08+00,"226",2024-05-14_11-04-06Ciclorrota_da_PE-09_2024-05-14_11-04-06.gpx,ICR17,"[ ""auditoria cicloviaria"", ""osmtracker"" ]"
2024-05-14_11-40-02 rua beijupirá - não possui estrutura,2024/05/14 14:40:05+00,"227",2024-05-14_11-40-02_rua_beijupirá_-_não_possui_estrutura_2024-05-14_11-40-02.gpx,ICV21,"[ ""auditoria cicloviaria"", ""osmtracker"" ]"
2024-05-14_11-52-03Ciclovia de Porto de Galinhas,2024/05/14 14:52:08+00,"228",2024-05-14_11-52-03Ciclovia_de_Porto_de_Galinhas_2024-05-14_11-52-03.gpx,ICV19,"[ ""auditoria cicloviaria"", ""osmtracker"" ]"
2024-05-14_11-56-00 ciclovia porto de galinhas,2024/05/14 14:56:04+00,"229",2024-05-14_11-56-00_ciclovia_porto_de_galinhas_2024-05-14_11-56-00.gpx,ICV19,"[ ""auditoria cicloviaria"", ""osmtracker"" ]"
2024-05-14_12-20-47CICLOVIA de Maracaípe,2024/05/14 15:20:48+00,"230",2024-05-14_12-20-47CICLOVIA_de_Maracaípe_2024-05-14_12-20-47.gpx,ICV23,"[ ""auditoria cicloviaria"", ""osmtracker"" ]"
2024-05-14_12-22-14 ciclovia de maracaipe,2024/05/14 15:22:18+00,"231",2024-05-14_12-22-14_ciclovia_de_maracaipe_2024-05-14_12-22-14.gpx,ICV23,"[ ""auditoria cicloviaria"", ""osmtracker"" ]"
2024-05-14_13-04-28 Ciclovia Rua Esperança,2024/05/14 16:04:32+00,"232",2024-05-14_13-04-28_Ciclovia_Rua_Esperança_2024-05-14_13-04-28.gpx,ICV22,"[ ""auditoria cicloviaria"", ""osmtracker"" ]"
2024-05-14_13-04-37 ciclovia rua esperança,2024/05/14 16:04:41+00,"233",2024-05-14_13-04-37_ciclovia_rua_esperança_2024-05-14_13-04-37.gpx,ICV22,"[ ""auditoria cicloviaria"", ""osmtracker"" ]"
2024-05-14_15-54-31  PRAÇA JOAQUIM NABUCO E RUA FLORIANO PEIXOTO,2024/05/14 18:54:36+00,"234",2024-05-14_15-54-31__PRAÇA_JOAQUIM_NABUCO_E_RUA_FLORIANO_PEIXOTO_2024-05-14_15-54-31.gpx,"CF075, 
CR075","[ ""auditoria cicloviaria"", ""osmtracker"" ]"
2024-05-14_16-04-58 Travessa do Cais da Detenção e Ponte Seis de Março.,2024/05/14 19:05:01+00,"235",2024-05-14_16-04-58_Travessa_do_Cais_da_Detenção_e_Ponte_Seis_de_Março._2024-05-14_16-04-58.gpx,"CF075, 
CR075","[ ""auditoria cicloviaria"", ""osmtracker"" ]"
2024-05-14_16-18-50 CICLOFAIXA DA VILA DO ESTALEIRO - AV CALIFÓRNIA,2024/05/14 19:18:57+00,"236",2024-05-14_16-18-50_CICLOFAIXA_DA_VILA_DO_ESTALEIRO_-_AV_CALIFÓRNIA_2024-05-14_16-18-50.gpx,ICF,"[ ""auditoria cicloviaria"", ""osmtracker"" ]"
2024-05-14_16-19-34 ciclofaixa vila do estaleiro - av california,2024/05/14 19:19:38+00,"237",2024-05-14_16-19-34_ciclofaixa_vila_do_estaleiro_-_av_california_2024-05-14_16-19-34.gpx,ICF,"[ ""auditoria cicloviaria"", ""osmtracker"" ]"
"2024-05-14_16-20-12 PONTE BUARQUE DE MACEDO, PRAÇA DA REPÚBLICA E PONTE PRINCESA IZABEL",2024/05/14 19:20:16+00,"238","2024-05-14_16-20-12_PONTE_BUARQUE_DE_MACEDO,_PRAÇA_DA_REPÚBLICA_E_PONTE_PRINCESA_IZABEL_2024-05-14_16-20-12.gpx","CV015, 
CF015, 
AC015","[ ""auditoria cicloviaria"", ""osmtracker"" ]"
2024-05-14_16-59-13,2024/05/14 19:59:17+00,"239",2024-05-14_16-59-13_2024-05-14_16-59-13.gpx,CF009,"[ ""auditoria cicloviaria"", ""osmtracker"" ]"
"2024-05-14_17-00-43 Av. Prefeito Artur Lima Cavalcanti, Av. Dr.Jayme da Fonte",2024/05/14 20:00:47+00,"240","2024-05-14_17-00-43_Av._Prefeito_Artur_Lima_Cavalcanti,_Av._Dr.Jayme_da_Fonte_2024-05-14_17-00-43.gpx","CV015, 
CF015, 
AC015","[ ""auditoria cicloviaria"", ""osmtracker"" ]"
2024-05-14_17-08-08,2024/05/14 20:08:11+00,"241",2024-05-14_17-08-08_2024-05-14_17-08-08.gpx,CF009,"[ ""auditoria cicloviaria"", ""osmtracker"" ]"
"2024-05-14_17-14-12 Pontilhão da Av. Gov. Agamenon Magalhães, Pista local da Av. Gov. Agamenon Magalhães",2024/05/14 20:14:15+00,"242","2024-05-14_17-14-12_Pontilhão_da_Av._Gov._Agamenon_Magalhães,_Pista_local_da_Av._Gov._Agamenon_Magalhães_2024-05-14_17-14-12.gpx","CV015, 
CF015, 
AC015","[ ""auditoria cicloviaria"", ""osmtracker"" ]"
2024-05-14_17-16-41,2024/05/14 20:17:03+00,"243",2024-05-14_17-16-41_2024-05-14_17-16-41.gpx,CR009,"[ ""auditoria cicloviaria"", ""osmtracker"" ]"
"2024-05-14_17-19-09 Av.Gov.Agamenon Magalhães, Fábrica Tacaruna.",2024/05/14 20:19:13+00,"244","2024-05-14_17-19-09_Av.Gov.Agamenon_Magalhães,_Fábrica_Tacaruna._2024-05-14_17-19-09.gpx","CV015, 
CF015, 
AC015","[ ""auditoria cicloviaria"", ""osmtracker"" ]"
2024-05-14_17-23-17,2024/05/14 20:23:20+00,"245",2024-05-14_17-23-17_2024-05-14_17-23-17.gpx,CR009,"[ ""auditoria cicloviaria"", ""osmtracker"" ]"
2024-05-14_17-34-33 Ciclovia Norte (do cruzamento da Av norte com a Aurora até o viaduto da Avenida norte),2024/05/14 20:34:37+00,"246",2024-05-14_17-34-33_Ciclovia_Norte_(do_cruzamento_da_Av_norte_com_a_Aurora_até_o_viaduto_da_Avenida_norte)_2024-05-14_17-34-33.gpx,CV001,"[ ""auditoria cicloviaria"", ""osmtracker"" ]"
2024-05-14_18-57-46,2024/05/14 21:57:51+00,"247",2024-05-14_18-57-46_2024-05-14_18-57-46.gpx,CF009,"[ ""auditoria cicloviaria"", ""osmtracker"" ]"
"2024-05-14_19-35-18 Rua da Soledade, Rua Nunes Machado e Av. João de Barros até a Rua Joaquim Felipe.",2024/05/14 22:35:23+00,"248","2024-05-14_19-35-18_Rua_da_Soledade,_Rua_Nunes_Machado_e_Av._João_de_Barros_até_a_Rua_Joaquim_Felipe._2024-05-14_19-35-18.gpx","CV063, 
CF063","[ ""auditoria cicloviaria"", ""osmtracker"" ]"
2024-05-14_19-47-39 RUA JOAQUIM FELIPE,2024/05/14 22:47:42+00,"249",2024-05-14_19-47-39_RUA_JOAQUIM_FELIPE_2024-05-14_19-47-39.gpx,"CF033, 
CR033","[ ""auditoria cicloviaria"", ""osmtracker"" ]"
2024-05-14_20-02-44 LEOPOLDO LINS,2024/05/14 23:02:47+00,"250",2024-05-14_20-02-44_LEOPOLDO_LINS_2024-05-14_20-02-44.gpx,"CF033, 
CR033","[ ""auditoria cicloviaria"", ""osmtracker"" ]"
2024-05-14_20-10-43 Rua Dr. Leopoldo Lins,2024/05/14 23:10:47+00,"251",2024-05-14_20-10-43_Rua_Dr._Leopoldo_Lins_2024-05-14_20-10-43.gpx,"CF033, 
CR033","[ ""auditoria cicloviaria"", ""osmtracker"" ]"
2024-05-14_20-14-22 Av. Montevidéu até Rua Buenos Aires.,2024/05/14 23:14:25+00,"252",2024-05-14_20-14-22_Av._Montevidéu_até_Rua_Buenos_Aires._2024-05-14_20-14-22.gpx,"CF033, 
CR033","[ """", ""auditoria cicloviaria"", ""osmtracker"" ]"
2024-05-14_20-32-24 MONTE CASTELO,2024/05/14 23:32:27+00,"253",2024-05-14_20-32-24_MONTE_CASTELO_2024-05-14_20-32-24.gpx,"CF033, 
CR033","[ ""auditoria cicloviaria"", ""osmtracker"" ]"
2024-05-14_20-42-30 RUA PADRE INGLÊS,2024/05/14 23:42:34+00,"254",2024-05-14_20-42-30_RUA_PADRE_INGLÊS_2024-05-14_20-42-30.gpx,CF074,"[ ""auditoria cicloviaria"", ""osmtracker"" ]"
2024-05-15_17-14-28,2024/05/15 20:14:32+00,"255",2024-05-15_17-14-28_2024-05-15_17-14-28.gpx,CF032,"[ ""auditoria cicloviaria"", ""osmtracker"" ]"
2024-05-15_17-16-58,2024/05/15 20:17:00+00,"256",2024-05-15_17-16-58_2024-05-15_17-16-58.gpx,CR032,"[ ""auditoria cicloviaria"", ""osmtracker"" ]"
2024-05-15_17-24-40,2024/05/15 20:24:45+00,"257",2024-05-15_17-24-40_2024-05-15_17-24-40.gpx,CF032,"[ ""auditoria cicloviaria"", ""osmtracker"" ]"
2024-05-15_17-26-13,2024/05/15 20:26:15+00,"258",2024-05-15_17-26-13_2024-05-15_17-26-13.gpx,CF032,"[ ""auditoria cicloviaria"", ""osmtracker"" ]"
2024-05-15_17-59-41,2024/05/15 20:59:43+00,"259",2024-05-15_17-59-41_2024-05-15_17-59-41.gpx,CF032,"[ ""auditoria cicloviaria"", ""osmtracker"" ]"
2024-05-15_18-29-24,2024/05/15 21:29:29+00,"260",2024-05-15_18-29-24_2024-05-15_18-29-24.gpx,CF032,"[ ""auditoria cicloviaria"", ""osmtracker"" ]"
2024-05-15_18-37-47,2024/05/15 21:37:50+00,"261",2024-05-15_18-37-47_2024-05-15_18-37-47.gpx,CF032,"[ ""auditoria cicloviaria"", ""osmtracker"" ]"
2024-05-15_19-08-24,2024/05/15 22:08:30+00,"262",2024-05-15_19-08-24_2024-05-15_19-08-24.gpx,CF056,"[ ""auditoria cicloviaria"", ""osmtracker"" ]"
2024-05-15_19-19-23,2024/05/15 22:19:28+00,"263",2024-05-15_19-19-23_2024-05-15_19-19-23.gpx,CF056,"[ ""auditoria cicloviaria"", ""osmtracker"" ]"
2024-05-15_19-20-05,2024/05/15 22:20:07+00,"264",2024-05-15_19-20-05_2024-05-15_19-20-05.gpx,CR056,"[ ""auditoria cicloviaria"", ""osmtracker"" ]"
2024-05-16_17-05-22,2024/05/16 20:05:26+00,"265",2024-05-16_17-05-22_2024-05-16_17-05-22.gpx,CF076,"[ ""auditoria cicloviaria"", ""osmtracker"" ]"
2024-05-16_17-21-40,2024/05/16 20:21:44+00,"266",2024-05-16_17-21-40_2024-05-16_17-21-40.gpx,CR076,"[ ""auditoria cicloviaria"", ""osmtracker"" ]"
2024-05-16_17-27-10,2024/05/16 20:27:12+00,"267",2024-05-16_17-27-10_2024-05-16_17-27-10.gpx,CF076,"[ ""auditoria cicloviaria"", ""osmtracker"" ]"
2024-05-16_17-45-39,2024/05/16 20:45:43+00,"268",2024-05-16_17-45-39_2024-05-16_17-45-39.gpx,CF076,"[ ""auditoria cicloviaria"", ""osmtracker"" ]"
2024-05-16_17-46-06,2024/05/16 20:46:08+00,"269",2024-05-16_17-46-06_2024-05-16_17-46-06.gpx,CR076,"[ ""auditoria cicloviaria"", ""osmtracker"" ]"
2024-05-16_18-25-47,2024/05/16 21:25:49+00,"270",2024-05-16_18-25-47_2024-05-16_18-25-47.gpx,CF079,"[ ""auditoria cicloviaria"", ""osmtracker"" ]"
2024-05-16_18-40-04,2024/05/16 21:40:06+00,"271",2024-05-16_18-40-04_2024-05-16_18-40-04.gpx,CF079,"[ ""auditoria cicloviaria"", ""osmtracker"" ]"
2024-05-16_18-54-26,2024/05/16 21:54:28+00,"272",2024-05-16_18-54-26_2024-05-16_18-54-26.gpx,CR079,"[ ""auditoria cicloviaria"", ""osmtracker"" ]"
2024-05-16_18-54-37,2024/05/16 21:54:39+00,"273",2024-05-16_18-54-37_2024-05-16_18-54-37.gpx,CF079,"[ ""auditoria cicloviaria"", ""osmtracker"" ]"
2024-05-16_19-06-19,2024/05/16 22:06:21+00,"274",2024-05-16_19-06-19_2024-05-16_19-06-19.gpx,CR079,"[ ""auditoria cicloviaria"", ""osmtracker"" ]"
2024-05-16_19-06-21,2024/05/16 22:06:23+00,"275",2024-05-16_19-06-21_2024-05-16_19-06-21.gpx,CF079,"[ ""auditoria cicloviaria"", ""osmtracker"" ]"
2024-05-16_19-14-21,2024/05/16 22:14:23+00,"276",2024-05-16_19-14-21_2024-05-16_19-14-21.gpx,CR079,"[ ""auditoria cicloviaria"", ""osmtracker"" ]"
2024-05-16_19-18-55,2024/05/16 22:18:57+00,"277",2024-05-16_19-18-55_2024-05-16_19-18-55.gpx,CR079,"[ ""auditoria cicloviaria"", ""osmtracker"" ]"
2024-05-16_19-25-36,2024/05/16 22:25:41+00,"278",2024-05-16_19-25-36_2024-05-16_19-25-36.gpx,CF079,"[ ""auditoria cicloviaria"", ""osmtracker"" ]"
2024-05-17_15-54-13,2024/05/17 18:54:16+00,"279",2024-05-17_15-54-13_2024-05-17_15-54-13.gpx,CR032,"[ ""auditoria cicloviaria"", ""osmtracker"" ]"
2024-05-17_15-55-40,2024/05/17 18:55:45+00,"280",2024-05-17_15-55-40_2024-05-17_15-55-40.gpx,CR032,"[ ""auditoria cicloviaria"", ""osmtracker"" ]"
2024-05-17_16-17-53,2024/05/17 19:17:57+00,"281",2024-05-17_16-17-53_2024-05-17_16-17-53.gpx,CF032,"[ ""auditoria cicloviaria"", ""osmtracker"" ]"
2024-05-17_16-37-15,2024/05/17 19:37:17+00,"282",2024-05-17_16-37-15_2024-05-17_16-37-15.gpx,CF032,"[ ""auditoria cicloviaria"", ""osmtracker"" ]"
2024-05-17_16-43-17,2024/05/17 19:43:20+00,"283",2024-05-17_16-43-17_2024-05-17_16-43-17.gpx,CR032,"[ ""auditoria cicloviaria"", ""osmtracker"" ]"
2024-05-17_16-44-19,2024/05/17 19:44:22+00,"284",2024-05-17_16-44-19_2024-05-17_16-44-19.gpx,CR032,"[ ""auditoria cicloviaria"", ""osmtracker"" ]"
2024-05-17_17-19-01,2024/05/17 20:19:04+00,"285",2024-05-17_17-19-01_2024-05-17_17-19-01.gpx,CR032,"[ ""auditoria cicloviaria"", ""osmtracker"" ]"
2024-05-17_18-11-06,2024/05/17 21:11:11+00,"286",2024-05-17_18-11-06_2024-05-17_18-11-06.gpx,CF078,"[ ""auditoria cicloviaria"", ""osmtracker"" ]"
2024-05-17_18-27-58,2024/05/17 21:28:00+00,"287",2024-05-17_18-27-58_2024-05-17_18-27-58.gpx,CR078,"[ ""auditoria cicloviaria"", ""osmtracker"" ]"
2024-05-17_18-37-35,2024/05/17 21:37:39+00,"288",2024-05-17_18-37-35_2024-05-17_18-37-35.gpx,CR078,"[ ""auditoria cicloviaria"", ""osmtracker"" ]"
2024-05-17_18-44-35,2024/05/17 21:44:37+00,"289",2024-05-17_18-44-35_2024-05-17_18-44-35.gpx,CR078,"[ ""auditoria cicloviaria"", ""osmtracker"" ]"
2024-05-17_18-59-14,2024/05/17 21:59:17+00,"290",2024-05-17_18-59-14_2024-05-17_18-59-14.gpx,CR078,"[ ""auditoria cicloviaria"", ""osmtracker"" ]"
2024-05-17_19-01-22,2024/05/17 22:01:24+00,"291",2024-05-17_19-01-22_2024-05-17_19-01-22.gpx,CR072,"[ ""auditoria cicloviaria"", ""osmtracker"" ]"
2024-05-20_07-39-03 Ciclorrota Lindolfo collor,2024/05/20 10:39:07+00,"292",2024-05-20_07-39-03_Ciclorrota_Lindolfo_collor_2024-05-20_07-39-03.gpx,CR070,"[ ""auditoria cicloviaria"", ""osmtracker"" ]"
2024-05-20_07-39-28 ciclorrota lindolfo collor,2024/05/20 10:39:35+00,"293",2024-05-20_07-39-28_ciclorrota_lindolfo_collor_2024-05-20_07-39-28.gpx,cr070,
2024-05-20_08-01-22 Ciclofaixa Lindolfo Collor,2024/05/20 11:01:25+00,"294",2024-05-20_08-01-22_Ciclofaixa_Lindolfo_Collor_2024-05-20_08-01-22.gpx,CF070,"[ ""auditoria cicloviaria"", ""osmtracker"" ]"
2024-05-20_08-01-26 ciclofaixa lindolfo collor,2024/05/20 11:01:34+00,"295",2024-05-20_08-01-26_ciclofaixa_lindolfo_collor_2024-05-20_08-01-26.gpx,cf070,
2024-05-20_08-46-59 ciclofaixa rota Afonso olindense av prof Luiz freire,2024/05/20 11:47:05+00,"296",2024-05-20_08-46-59_ciclofaixa_rota_Afonso_olindense_av_prof_Luiz_freire_2024-05-20_08-46-59.gpx,cf026,
2024-05-20_08-47-05 Ciclofaixa Rota Afonso Olindense - av. prof. Luiz Freire,2024/05/20 11:47:06+00,"297",2024-05-20_08-47-05_Ciclofaixa_Rota_Afonso_Olindense_-_av._prof._Luiz_Freire_2024-05-20_08-47-05.gpx,CF026,"[ ""auditoria cicloviaria"", ""osmtracker"" ]"
2024-05-20_09-14-53 Ciclorrota Afonso Olindense,2024/05/20 12:14:55+00,"298",2024-05-20_09-14-53_Ciclorrota_Afonso_Olindense_2024-05-20_09-14-53.gpx,CR026,"[ ""auditoria cicloviaria"", ""osmtracker"" ]"
2024-05-20_09-15-56 ciclorrota Afonso olindense,2024/05/20 12:16:02+00,"299",2024-05-20_09-15-56_ciclorrota_Afonso_olindense_2024-05-20_09-15-56.gpx,cr026,
2024-05-20_09-55-50 Área compartilhada praça da Várzea,2024/05/20 12:55:52+00,"300",2024-05-20_09-55-50_Área_compartilhada_praça_da_Várzea_2024-05-20_09-55-50.gpx,AC026,"[ ""auditoria cicloviaria"", ""osmtracker"" ]"
2024-05-20_09-55-57 área compartilhada praça da varzea,2024/05/20 12:56:01+00,"301",2024-05-20_09-55-57_área_compartilhada_praça_da_varzea_2024-05-20_09-55-57.gpx,ac026,
2024-05-20_10-13-49 CICLOFAIXA AFONSO OLINDENSE,2024/05/20 13:13:53+00,"302",2024-05-20_10-13-49_CICLOFAIXA_AFONSO_OLINDENSE_2024-05-20_10-13-49.gpx,CF026,"[ ""auditoria cicloviaria"", ""osmtracker"" ]"
2024-05-20_10-13-55 ciclofaixa Afonso olindense,2024/05/20 13:14:00+00,"303",2024-05-20_10-13-55_ciclofaixa_Afonso_olindense_2024-05-20_10-13-55.gpx,cf026,
2024-05-20_11-28-18 CICLOFAIXA BEBERIBE,2024/05/20 14:28:21+00,"304",2024-05-20_11-28-18_CICLOFAIXA_BEBERIBE_2024-05-20_11-28-18.gpx,CF043,"[ ""auditoria cicloviaria"", ""osmtracker"" ]"
2024-05-20_11-28-27 ciclofaixa beberibe,2024/05/20 14:28:31+00,"305",2024-05-20_11-28-27_ciclofaixa_beberibe_2024-05-20_11-28-27.gpx,cf043,
2024-05-20_12-46-06 ciclorrota Sebastião salazar,2024/05/20 15:46:11+00,"306",2024-05-20_12-46-06_ciclorrota_Sebastião_salazar_2024-05-20_12-46-06.gpx,cr038,
2024-05-20_12-46-14 Ciclorrota Sebastião salazar,2024/05/20 15:46:14+00,"307",2024-05-20_12-46-14_Ciclorrota_Sebastião_salazar_2024-05-20_12-46-14.gpx,CR038,"[ ""auditoria cicloviaria"", ""osmtracker"" ]"
2024-05-20_13-06-24 Ciclofaixa Sebastião Salazar,2024/05/20 16:06:24+00,"308",2024-05-20_13-06-24_Ciclofaixa_Sebastião_Salazar_2024-05-20_13-06-24.gpx,CF038,"[ ""auditoria cicloviaria"", ""osmtracker"" ]"
2024-05-20_13-06-26 ciclofaixa Sebastião baltazar,2024/05/20 16:06:31+00,"309",2024-05-20_13-06-26_ciclofaixa_Sebastião_baltazar_2024-05-20_13-06-26.gpx,cf038,
2024-05-20_13-23-24 Ciclovia Rio Beberibe,2024/05/20 16:23:24+00,"310",2024-05-20_13-23-24_Ciclovia_Rio_Beberibe_2024-05-20_13-23-24.gpx,CV058,"[ ""auditoria cicloviaria"", ""osmtracker"" ]"
2024-05-20_13-23-47 ciclovia Rio beberibe,2024/05/20 16:23:51+00,"311",2024-05-20_13-23-47_ciclovia_Rio_beberibe_2024-05-20_13-23-47.gpx,cv058,
2024-05-20_16-49-14 rua dos Coelhos,2024/05/20 19:49:21+00,"312",2024-05-20_16-49-14_rua_dos_Coelhos_2024-05-20_16-49-14.gpx,CR050,"[ ""auditoria cicloviaria"", ""osmtracker"" ]"
2024-05-20_16-53-35 Rua dos Coelhos e Pte. Joaquim Cardoso,2024/05/20 19:53:39+00,"313",2024-05-20_16-53-35_Rua_dos_Coelhos_e_Pte._Joaquim_Cardoso_2024-05-20_16-53-35.gpx,CR050,"[ ""auditoria cicloviaria"", ""osmtracker"" ]"
2024-05-20_17-20-07 Rua treze de maio,2024/05/20 20:20:11+00,"314",2024-05-20_17-20-07_Rua_treze_de_maio_2024-05-20_17-20-07.gpx,CF062,"[ ""auditoria cicloviaria"", ""osmtracker"" ]"
2024-05-20_17-36-43 Buarque Macedo Leo falcão,2024/05/20 20:36:46+00,"315",2024-05-20_17-36-43_Buarque_Macedo_Leo_falcão_2024-05-20_17-36-43.gpx,CR062,"[ ""auditoria cicloviaria"", ""osmtracker"" ]"
2024-05-20_17-40-07 rua Barão de igarassu,2024/05/20 20:40:09+00,"316",2024-05-20_17-40-07_rua_Barão_de_igarassu_2024-05-20_17-40-07.gpx,CF062,"[ ""auditoria cicloviaria"", ""osmtracker"" ]"
2024-05-21_13-05-17 Ciclovia Orla (AV Boa viagem),2024/05/21 16:05:21+00,"317",2024-05-21_13-05-17_Ciclovia_Orla_(AV_Boa_viagem)_2024-05-21_13-05-17.gpx,CV003,"[ ""auditoria cicloviaria"", ""osmtracker"" ]"
"2024-05-21_13-49-16 Rua Comendador Moraes, Rua do Jaú",2024/05/21 16:49:19+00,"318","2024-05-21_13-49-16_Rua_Comendador_Moraes,_Rua_do_Jaú_2024-05-21_13-49-16.gpx",CR004,"[ ""auditoria cicloviaria"", ""osmtracker"" ]"
"2024-05-21_13-56-40 Rua Marechal Hermes, Av. Brasília Formosa",2024/05/21 16:56:43+00,"319","2024-05-21_13-56-40_Rua_Marechal_Hermes,_Av._Brasília_Formosa_2024-05-21_13-56-40.gpx",CF004,"[ ""auditoria cicloviaria"", ""osmtracker"" ]"
2024-05-21_15-00-37 ciclovia Praça da bandeira,2024/05/21 18:00:41+00,"320",2024-05-21_15-00-37_ciclovia_Praça_da_bandeira_2024-05-21_15-00-37.gpx,CV050,"[ ""auditoria cicloviaria"", ""osmtracker"" ]"
2024-05-21_15-17-21 Av Beira Rio,2024/05/21 18:17:24+00,"321",2024-05-21_15-17-21_Av_Beira_Rio_2024-05-21_15-17-21.gpx,CF050,"[ ""auditoria cicloviaria"", ""osmtracker"" ]"
2024-05-21_15-29-42 ciclovia Av. Desembargador Guerra Barreto,2024/05/21 18:29:45+00,"322",2024-05-21_15-29-42_ciclovia_Av._Desembargador_Guerra_Barreto_2024-05-21_15-29-42.gpx,CV050,"[ ""auditoria cicloviaria"", ""osmtracker"" ]"
2024-05-21_15-38-55 ciclofaixa Av. Desembargador Guerra Barreto,2024/05/21 18:38:58+00,"323",2024-05-21_15-38-55_ciclofaixa_Av._Desembargador_Guerra_Barreto_2024-05-21_15-38-55.gpx,CF050,"[ ""auditoria cicloviaria"", ""osmtracker"" ]"
2024-05-21_15-41-53 ciclovia Av. Desembargador Guerra Barreto,2024/05/21 18:41:57+00,"324",2024-05-21_15-41-53_ciclovia_Av._Desembargador_Guerra_Barreto_2024-05-21_15-41-53.gpx,"CV050,","[ ""auditoria cicloviaria"", ""osmtracker"" ]"
"2024-05-21_15-54-40 Praça da Bandeira, Av Prefeito Lima Castro, Rua Joaquim Santos Souto.",2024/05/21 18:54:44+00,"325","2024-05-21_15-54-40_Praça_da_Bandeira,_Av_Prefeito_Lima_Castro,_Rua_Joaquim_Santos_Souto._2024-05-21_15-54-40.gpx",CF050,"[ """", ""auditoria cicloviaria"", ""osmtracker"" ]"
2024-05-21_16-50-16 Rua Bispo Cardoso Ayres,2024/05/21 19:50:19+00,"326",2024-05-21_16-50-16_Rua_Bispo_Cardoso_Ayres_2024-05-21_16-50-16.gpx,CF036,"[ ""auditoria cicloviaria"", ""osmtracker"" ]"
2024-05-21_21-52-04 BECO DO ESTUDANTE,2024/05/22 00:52:11+00,"327",2024-05-21_21-52-04_BECO_DO_ESTUDANTE_2024-05-21_21-52-04.gpx,AC036,"[ ""auditoria cicloviaria"", ""osmtracker"" ]"
2024-05-25_16-35-38,2024/05/25 19:35:42+00,"328",2024-05-25_16-35-38_2024-05-25_16-35-38.gpx,CF051,"[ ""auditoria cicloviaria"", ""osmtracker"" ]"
2024-05-25_17-02-10,2024/05/25 20:02:12+00,"329",2024-05-25_17-02-10_2024-05-25_17-02-10.gpx,CF072,"[ ""auditoria cicloviaria"", ""osmtracker"" ]"
2024-05-25_17-08-33,2024/05/25 20:08:38+00,"330",2024-05-25_17-08-33_2024-05-25_17-08-33.gpx,CF072,"[ ""auditoria cicloviaria"", ""osmtracker"" ]"
2024-05-26_10-06-52,2024/05/26 13:06:56+00,"331",2024-05-26_10-06-52_2024-05-26_10-06-52.gpx,JCF27,"[ ""auditoria cicloviaria"", ""osmtracker"" ]"
2024-05-26_11-04-27,2024/05/26 14:04:30+00,"332",2024-05-26_11-04-27_2024-05-26_11-04-27.gpx,,"[ ""auditoria cicloviaria"", ""osmtracker"" ]"
2024-05-26_11-13-08,2024/05/26 14:13:11+00,"333",2024-05-26_11-13-08_2024-05-26_11-13-08.gpx,JCF25,"[ ""auditoria cicloviaria"", ""osmtracker"" ]"
2024-05-26_11-36-53,2024/05/26 14:36:57+00,"334",2024-05-26_11-36-53_2024-05-26_11-36-53.gpx,JCV36,"[ ""auditoria cicloviaria"", ""osmtracker"" ]"
2024-05-26_12-06-07,2024/05/26 15:06:10+00,"335",2024-05-26_12-06-07_2024-05-26_12-06-07.gpx,JCV36,"[ ""auditoria cicloviaria"", ""osmtracker"" ]"
2024-05-26_12-30-40,2024/05/26 15:30:45+00,"336",2024-05-26_12-30-40_2024-05-26_12-30-40.gpx,JCV39,"[ ""auditoria cicloviaria"", ""osmtracker"" ]"
2024-05-26_15-27-41,2024/05/26 18:27:46+00,"337",2024-05-26_15-27-41_2024-05-26_15-27-41.gpx,JCV37,"[ ""auditoria cicloviaria"", ""osmtracker"" ]"
2024-05-26_15-31-55,2024/05/26 18:31:58+00,"338",2024-05-26_15-31-55_2024-05-26_15-31-55.gpx,Rua Joaquim Marques de Jesus (extra),"[ ""auditoria cicloviaria"", ""osmtracker"" ]"
2024-05-26_15-41-03,2024/05/26 18:41:07+00,"339",2024-05-26_15-41-03_2024-05-26_15-41-03.gpx,JCF28,"[ ""auditoria cicloviaria"", ""osmtracker"" ]"
2024-05-26_16-24-33,2024/05/26 19:24:36+00,"340",2024-05-26_16-24-33_2024-05-26_16-24-33.gpx,JCV38,"[ ""auditoria cicloviaria"", ""osmtracker"" ]"
2024-05-26_16-47-45,2024/05/26 19:47:48+00,"341",2024-05-26_16-47-45_2024-05-26_16-47-45.gpx,JCV40,"[ ""auditoria cicloviaria"", ""osmtracker"" ]"
2024-05-26_17-47-33,2024/05/26 20:47:36+00,"342",2024-05-26_17-47-33_2024-05-26_17-47-33.gpx,JCV31,"[ ""auditoria cicloviaria"", ""osmtracker"" ]"
2024-05-26_19-03-13,2024/05/26 22:03:16+00,"343",2024-05-26_19-03-13_2024-05-26_19-03-13.gpx,JCV34,"[ ""auditoria cicloviaria"", ""osmtracker"" ]"
2024-05-27_17-05-02,2024/05/27 20:05:04+00,"344",2024-05-27_17-05-02_2024-05-27_17-05-02.gpx,CR059,"[ ""auditoria cicloviaria"", ""osmtracker"" ]"
2024-05-27_17-10-11,2024/05/27 20:10:13+00,"345",2024-05-27_17-10-11_2024-05-27_17-10-11.gpx,CF059,"[ ""auditoria cicloviaria"", ""osmtracker"" ]"
2024-05-27_17-25-25,2024/05/27 20:25:27+00,"346",2024-05-27_17-25-25_2024-05-27_17-25-25.gpx,CF059,"[ ""auditoria cicloviaria"", ""osmtracker"" ]"
2024-05-27_17-36-16,2024/05/27 20:36:18+00,"347",2024-05-27_17-36-16_2024-05-27_17-36-16.gpx,CR059,"[ ""auditoria cicloviaria"", ""osmtracker"" ]"
2024-05-28_16-25-50,2024/05/28 19:25:55+00,"348",2024-05-28_16-25-50_2024-05-28_16-25-50.gpx,CF022,"[ ""auditoria cicloviaria"", ""osmtracker"" ]"
2024-05-28_16-47-08,2024/05/28 19:47:10+00,"349",2024-05-28_16-47-08_2024-05-28_16-47-08.gpx,CF022,"[ ""auditoria cicloviaria"", ""osmtracker"" ]"
2024-05-28_16-47-16,2024/05/28 19:47:19+00,"350",2024-05-28_16-47-16_2024-05-28_16-47-16.gpx,CF022,"[ ""auditoria cicloviaria"", ""osmtracker"" ]"
2024-05-28_17-13-17,2024/05/28 20:13:22+00,"351",2024-05-28_17-13-17_2024-05-28_17-13-17.gpx,CF022,"[ """", ""auditoria cicloviaria"", ""osmtracker"" ]"
2024-05-28_17-33-07,2024/05/28 20:33:09+00,"352",2024-05-28_17-33-07_2024-05-28_17-33-07.gpx,CF022,"[ ""auditoria cicloviaria"", ""osmtracker"" ]"
2024-05-28_17-42-04,2024/05/28 20:42:08+00,"353",2024-05-28_17-42-04_2024-05-28_17-42-04.gpx,CF022,"[ ""auditoria cicloviaria"", ""osmtracker"" ]"
2024-05-28_17-55-07,2024/05/28 20:55:10+00,"354",2024-05-28_17-55-07_2024-05-28_17-55-07.gpx,CF022,"[ ""auditoria cicloviaria"", ""osmtracker"" ]"
2024-05-28_18-09-51,2024/05/28 21:09:55+00,"355",2024-05-28_18-09-51_2024-05-28_18-09-51.gpx,CR022,"[ ""auditoria cicloviaria"", ""osmtracker"" ]"
2024-05-28_18-23-54,2024/05/28 21:23:58+00,"356",2024-05-28_18-23-54_2024-05-28_18-23-54.gpx,CF046,"[ ""auditoria cicloviaria"", ""osmtracker"" ]"
2024-05-28_18-27-47,2024/05/28 21:27:49+00,"357",2024-05-28_18-27-47_2024-05-28_18-27-47.gpx,CR046,"[ ""auditoria cicloviaria"", ""osmtracker"" ]"
2024-05-28_18-35-47,2024/05/28 21:35:50+00,"358",2024-05-28_18-35-47_2024-05-28_18-35-47.gpx,CF046,
2024-05-28_18-48-03,2024/05/28 21:49:42+00,"359",2024-05-28_18-48-03_2024-05-28_18-48-03.gpx,CF046,"[ ""auditoria cicloviaria"", ""osmtracker"" ]"
2024-05-28_18-55-01,2024/05/28 21:55:04+00,"360",2024-05-28_18-55-01_2024-05-28_18-55-01.gpx,CF046,"[ ""auditoria cicloviaria"", ""osmtracker"" ]"
2024-05-28_19-04-39,2024/05/28 22:04:42+00,"361",2024-05-28_19-04-39_2024-05-28_19-04-39.gpx,CF046,"[ ""auditoria cicloviaria"", ""osmtracker"" ]"
2024-05-28_19-12-53,2024/05/28 22:12:56+00,"362",2024-05-28_19-12-53_2024-05-28_19-12-53.gpx,CF046,"[ ""auditoria cicloviaria"", ""osmtracker"" ]"
2024-06-17_16-41-24 ciclovia ibiporã,2024/06/17 19:41:27+00,"363",2024-06-17_16-41-24_ciclovia_ibiporã_2024-06-17_16-41-24.gpx,CV050,"[ ""auditoria cicloviaria"", ""osmtracker"" ]"
2024-06-17_16-48-18 ciclorrota ibiporã,2024/06/17 19:48:20+00,"364",2024-06-17_16-48-18_ciclorrota_ibiporã_2024-06-17_16-48-18.gpx,CR050,"[ ""auditoria cicloviaria"", ""osmtracker"" ]"
2024-06-17_16-54-26 Ciclofaixa ibiporã,2024/06/17 19:54:28+00,"365",2024-06-17_16-54-26_Ciclofaixa_ibiporã_2024-06-17_16-54-26.gpx,CF050,"[ ""auditoria cicloviaria"", ""osmtracker"" ]"
2024-06-17_16-57-21 ciclofaixa ibiporã,2024/06/17 19:57:23+00,"366",2024-06-17_16-57-21_ciclofaixa_ibiporã_2024-06-17_16-57-21.gpx,CF050,"[ ""auditoria cicloviaria"", ""osmtracker"" ]"
2024-06-18_08-48-01 ciclovia Camilo Simões,2024/06/18 11:48:04+00,"367",2024-06-18_08-48-01_ciclovia_Camilo_Simões_2024-06-18_08-48-01.gpx,OCV45,"[ ""auditoria cicloviaria"", ""osmtracker"" ]"
2024-06-18_09-07-04 ciclovia Camilo Simões,2024/06/18 12:07:06+00,"368",2024-06-18_09-07-04_ciclovia_Camilo_Simões_2024-06-18_09-07-04.gpx,OCV45,"[ ""auditoria cicloviaria"", ""osmtracker"" ]"
2024-06-18_09-24-54 ciclovia Camilo Simões,2024/06/18 12:24:56+00,"369",2024-06-18_09-24-54_ciclovia_Camilo_Simões_2024-06-18_09-24-54.gpx,OCV45,"[ ""auditoria cicloviaria"", ""osmtracker"" ]"
2024-06-18_09-27-08 Camilo Simões,2024/06/18 12:27:11+00,"370",2024-06-18_09-27-08_Camilo_Simões_2024-06-18_09-27-08.gpx,OCV45,"[ ""auditoria cicloviaria"", ""osmtracker"" ]"
2024-06-18_09-48-31 Beira mar,2024/06/18 12:48:34+00,"371",2024-06-18_09-48-31_Beira_mar_2024-06-18_09-48-31.gpx,OCV41,"[ ""auditoria cicloviaria"", ""osmtracker"" ]"
2024-06-18_09-48-31 Travessa,2024/06/18 12:48:34+00,"372",2024-06-18_09-48-31_Travessa_2024-06-18_09-48-31.gpx,OCF46,"[ ""auditoria cicloviaria"", ""osmtracker"" ]"
2024-06-18_10-55-13 Pan nordestina/PE 60/PE 15,2024/06/18 13:55:17+00,"373",2024-06-18_10-55-13_Pan_nordestina_PE_60_PE_15_2024-06-18_10-55-13.gpx,PCV54 OCV52,"[ ""auditoria cicloviaria"", ""osmtracker"" ]"
2024-06-18_11-04-37 Pan nordestina/PE 60/PE15,2024/06/18 14:04:39+00,"374",2024-06-18_11-04-37_Pan_nordestina_PE_60_PE15_2024-06-18_11-04-37.gpx,PCV54 OCV52,"[ ""auditoria cicloviaria"", ""osmtracker"" ]"
2024-06-18_12-51-45 Abreu e Lima,2024/06/18 15:51:50+00,"375",2024-06-18_12-51-45_Abreu_e_Lima_2024-06-18_12-51-45.gpx,,"[ ""auditoria cicloviaria"", ""osmtracker"" ]"
2024-06-18_12-59-51 Abreu e Lima Avenida D,2024/06/18 15:59:54+00,"376",2024-06-18_12-59-51_Abreu_e_Lima_Avenida_D_2024-06-18_12-59-51.gpx,,"[ ""auditoria cicloviaria"", ""osmtracker"" ]"
2024-06-19_15-04-32 Rua compositor Vinicius de Moraes,2024/06/19 18:04:36+00,"377",2024-06-19_15-04-32_Rua_compositor_Vinicius_de_Moraes_2024-06-19_15-04-32.gpx,OCF47,"[ ""auditoria cicloviaria"", ""osmtracker"" ]"
2024-06-19_15-14-47 Rua Compositor Vinicius de Moraes,2024/06/19 18:14:49+00,"378",2024-06-19_15-14-47_Rua_Compositor_Vinicius_de_Moraes_2024-06-19_15-14-47.gpx,OCF47,
2024-06-19_15-42-13 labatut,2024/06/19 18:42:16+00,"379",2024-06-19_15-42-13_labatut_2024-06-19_15-42-13.gpx,OCF48,"[ ""auditoria cicloviaria"", ""osmtracker"" ]"
2024-06-19_16-00-36 beberibe,2024/06/19 19:00:39+00,"380",2024-06-19_16-00-36_beberibe_2024-06-19_16-00-36.gpx,OCV51,"[ ""auditoria cicloviaria"", ""osmtracker"" ]"
